WP,D,code,lat,lon,date,time,city_caps
WP,D,ABE,39.50946045,-76.16300964,00/00/00,0:00:00,ABERDEEN
WP,D,ABI,32.45410538,-99.73468018,00/00/00,0:00:00,ABILENE
WP,D,ABN,39.42869568,-74.50753784,00/00/00,0:00:00,ABSECON
WP,D,ADE,34.55826569,-117.404213,00/00/00,0:00:00,ADELANTO
WP,D,AKO,41.08057404,-81.51566315,00/00/00,0:00:00,AKRON
WP,D,ALY,44.63075638,-123.0996475,00/00/00,0:00:00,ALBANY
WP,D,ALB,42.64164734,-73.74125671,00/00/00,0:00:00,ALBANY-RENSSELAER
WP,D,ALI,42.24737549,-84.75632477,00/00/00,0:00:00,ALBION
WP,D,ABQ,35.08293533,-106.6469803,00/00/00,0:00:00,ALBUQUERQUE
WP,D,AST,40.8171196,-91.10359192,00/00/00,0:00:00,ALDERSHOT
WP,D,ALD,37.72423935,-80.64464569,00/00/00,0:00:00,ALDERSON
WP,D,ALX,38.8062439,-77.06264496,00/00/00,0:00:00,ALEXANDRIA
WP,D,ALE,27.74541283,-98.08235168,00/00/00,0:00:00,ALICE
WP,D,ANW,40.59043121,-75.56719208,00/00/00,0:00:00,ALLENTOWN - WEST
WP,D,ALV,40.65233231,-75.44039154,00/00/00,0:00:00,ALLENTOWN AIRPORT
WP,D,ALC,40.92178726,-81.09580994,00/00/00,0:00:00,ALLIANCE
WP,D,ALP,30.35715866,-103.6610413,00/00/00,0:00:00,ALPINE
WP,D,ALN,38.90449142,-90.13494873,00/00/00,0:00:00,ALTON
WP,D,ALT,40.51478195,-78.40099335,00/00/00,0:00:00,ALTOONA
WP,D,AMM,42.37485886,-72.51192474,00/00/00,0:00:00,AMHERST
WP,D,AMS,42.953676,-74.219553,00/00/00,0:00:00,AMSTERDAM
WP,D,ANA,33.80426025,-117.884819,00/00/00,0:00:00,ANAHEIM
WP,D,ARB,42.28805161,-83.74402618,00/00/00,0:00:00,ANN ARBOR
WP,D,ATN,33.64899826,-85.83188629,00/00/00,0:00:00,ANNISTON
WP,D,ACA,38.01808548,-121.8151321,00/00/00,0:00:00,ANTIOCH-PITTSBURG
WP,D,APP,44.26594162,-88.40564728,00/00/00,0:00:00,APPLETON
WP,D,ARC,40.86757278,-124.0839386,00/00/00,0:00:00,ARCATA
WP,D,ADM,34.17191315,-97.12541199,00/00/00,0:00:00,ARDMORE
WP,D,ARD,40.00726318,-75.28944397,00/00/00,0:00:00,ARDMORE
WP,D,ARK,34.11437607,-93.05244446,00/00/00,0:00:00,ARKADELPHIA
WP,D,AKY,38.48093033,-82.63947296,00/00/00,0:00:00,ASHLAND
WP,D,AHL,42.18811798,-122.6970215,00/00/00,0:00:00,ASHLAND
WP,D,ASD,37.75923538,-77.48167419,00/00/00,0:00:00,ASHLAND
WP,D,ATA,35.48920822,-120.6657104,00/00/00,0:00:00,ATASCADERO
WP,D,ATL,33.79956436,-84.39178467,00/00/00,0:00:00,ATLANTA
WP,D,ACY,39.36300278,-74.43986511,00/00/00,0:00:00,ATLANTIC CITY
WP,D,ATR,31.02432823,-87.48733521,00/00/00,0:00:00,ATMORE
WP,D,ARN,38.90418243,-121.0820313,00/00/00,0:00:00,AUBURN
WP,D,AUS,30.26909256,-97.75556946,00/00/00,0:00:00,AUSTIN
WP,D,BBY,42.3473053,-71.07635498,00/00/00,0:00:00,BACK BAY
WP,D,BAK,44.7820549,-117.8113251,00/00/00,0:00:00,BAKER CITY
WP,D,BFD,35.37137985,-119.0224609,00/00/00,0:00:00,BAKERSFIELD
WP,D,BAL,39.30812073,-76.61747742,00/00/00,0:00:00,BALTIMORE
WP,D,BAM,42.3141861,-86.11186981,00/00/00,0:00:00,BANGOR
WP,D,BAR,34.90480042,-117.0253525,00/00/00,0:00:00,BARSTOW
WP,D,BRV,36.75063324,-95.93536377,00/00/00,0:00:00,BARTLESVILLE
WP,D,BTS,34.31602097,-89.95238495,00/00/00,0:00:00,BATESVILLE
WP,D,BTR,30.44965744,-91.1765976,00/00/00,0:00:00,BATON ROUGE
WP,D,BTL,42.31697464,-85.18569183,00/00/00,0:00:00,BATTLE CREEK
WP,D,BAY,30.88092041,-87.77303314,00/00/00,0:00:00,BAY MINETTE
WP,D,BAS,30.30690002,-89.33733368,00/00/00,0:00:00,BAY ST. LOUIS
WP,D,BEU,33.92804718,-116.9765091,00/00/00,0:00:00,BEAUMONT
WP,D,BMT,30.0769062,-94.12296295,00/00/00,0:00:00,BEAUMONT
WP,D,BLE,34.66424179,-106.7748718,00/00/00,0:00:00,BELEN
WP,D,BVL,38.5209198,-89.99146271,00/00/00,0:00:00,BELLEVILLE
WP,D,BEL,48.72048569,-122.5098877,00/00/00,0:00:00,BELLINGHAM
WP,D,BLF,43.13582611,-72.44544983,00/00/00,0:00:00,BELLOWS FALLS
WP,D,BET,42.49884033,-89.03549194,00/00/00,0:00:00,BELOIT
WP,D,BED,44.05533981,-121.273407,00/00/00,0:00:00,BEND
WP,D,BEN,31.96816826,-110.2939835,00/00/00,0:00:00,BENSON
WP,D,BKY,37.8676033,-122.2999954,00/00/00,0:00:00,BERKELEY
WP,D,BER,41.63552475,-72.76572418,00/00/00,0:00:00,BERLIN
WP,D,ATB,40.65238953,-75.41325378,00/00/00,0:00:00,BETHLEHEM
WP,D,BSB,40.61135483,-75.37786865,00/00/00,0:00:00,BETHLEHEM - SOUTH
WP,D,BGP,43.69831848,-85.48204803,00/00/00,0:00:00,BIG RAPIDS
WP,D,BGS,32.25257111,-101.4730148,00/00/00,0:00:00,BIG SPRING
WP,D,BIX,30.39912033,-88.8911438,00/00/00,0:00:00,BILOXI
WP,D,BNG,45.71538544,-121.4690933,00/00/00,0:00:00,BINGEN-WHITE SALMON
WP,D,BHM,33.51239395,-86.80702972,00/00/00,0:00:00,BIRMINGHAM
WP,D,BMM,42.54572296,-83.19529724,00/00/00,0:00:00,BIRMINGHAM
WP,D,BNL,40.50834656,-88.98403931,00/00/00,0:00:00,BLOOMINGTON-NORMAL
WP,D,BOI,43.61946869,-116.2061081,00/00/00,0:00:00,BOISE
WP,D,BRN,34.99978256,-117.6568069,00/00/00,0:00:00,BORON
WP,D,BCL,32.52555847,-93.68015289,00/00/00,0:00:00,BOSSIER CITY
WP,D,BOS,42.35152435,-71.05529785,00/00/00,0:00:00,BOSTON (SO. STA)
WP,D,BLD,40.05839539,-105.2811813,00/00/00,0:00:00,BOULDER
WP,D,BYC,45.20484161,-85.02664948,00/00/00,0:00:00,BOYNE CITY
WP,D,BYF,45.16839981,-84.91621399,00/00/00,0:00:00,BOYNE FALLS
WP,D,BDT,27.4903965,-82.47067261,00/00/00,0:00:00,BRADENTON
WP,D,BRT,43.6910553,-79.76232147,00/00/00,0:00:00,BRAMPTON
WP,D,BDN,43.79917526,-73.0892334,00/00/00,0:00:00,BRANDON
WP,D,BSN,36.64439011,-93.22720337,00/00/00,0:00:00,BRANSON
WP,D,BTF,43.14572906,-80.26235962,00/00/00,0:00:00,BRANTFORD
WP,D,BRA,42.83869553,-72.550354,00/00/00,0:00:00,BRATTLEBORO
WP,D,BTA,31.10486412,-87.07004547,00/00/00,0:00:00,BREWTON
WP,D,BRP,41.17674637,-73.18740082,00/00/00,0:00:00,BRIDGEPORT
WP,D,BRH,31.57875824,-90.44212341,00/00/00,0:00:00,BROOKHAVEN
WP,D,BRO,48.53329468,-113.0108414,00/00/00,0:00:00,BROWNING
WP,D,BSV,25.89988518,-97.49945068,00/00/00,0:00:00,BROWNSVILLE
WP,D,BYN,41.48034668,-84.55274963,00/00/00,0:00:00,BRYAN
WP,D,BLY,44.50439835,-85.67663574,00/00/00,0:00:00,BUCKLEY
WP,D,BUL,34.61133957,-120.1933823,00/00/00,0:00:00,BUELLTON
WP,D,BUF,42.90691757,-78.72660828,00/00/00,0:00:00,BUFFALO-DEPEW
WP,D,BFX,42.87848282,-78.87506104,00/00/00,0:00:00,BUFFALO-EXCHANGE STREET
WP,D,BUR,34.1938324,-118.3559113,00/00/00,0:00:00,BURBANK AIRPORT
WP,D,BTV,44.47605515,-73.21479797,00/00/00,0:00:00,BURLINGTON
WP,D,BRL,40.80594254,-91.10198212,00/00/00,0:00:00,BURLINGTON
WP,D,BNC,36.09417725,-79.43628693,00/00/00,0:00:00,BURLINGTON
WP,D,ESX,44.49257278,-73.11045074,00/00/00,0:00:00,BURLINGTON-ESSEX JUNCTION
WP,D,BNS,43.5904007,-119.0533905,00/00/00,0:00:00,BURNS
WP,D,BUZ,41.74529648,-70.61753082,00/00/00,0:00:00,BUZZARDS BAY
WP,D,BWI,39.18955231,-76.69339752,00/00/00,0:00:00,BWI AIRPORT RAIL STATION
WP,D,CLC,44.26839447,-85.4066925,00/00/00,0:00:00,CADILLAC
WP,D,CIE,37.61219406,-114.5156479,00/00/00,0:00:00,CALIENTE
WP,D,CGA,38.57986832,-122.5778122,00/00/00,0:00:00,CALISTOGA
WP,D,CML,34.21646881,-119.0331116,00/00/00,0:00:00,CAMARILLO
WP,D,CAM,34.24734879,-80.62615967,00/00/00,0:00:00,CAMDEN
WP,D,CPC,38.6606636,-120.9681625,00/00/00,0:00:00,CAMERON PARK
WP,D,CVD,34.6257782,-111.8806381,00/00/00,0:00:00,CAMP VERDE
WP,D,CTN,32.61481094,-90.04051971,00/00/00,0:00:00,CANTON
WP,D,CDL,37.72408676,-89.21636963,00/00/00,0:00:00,CARBONDALE
WP,D,CRV,39.27932739,-89.88891602,00/00/00,0:00:00,CARLINVILLE
WP,D,CRM,36.53931808,-121.9080429,00/00/00,0:00:00,CARMEL
WP,D,CPN,34.39600372,-119.5213165,00/00/00,0:00:00,CARPINTERIA
WP,D,CCN,39.16664886,-119.7657776,00/00/00,0:00:00,CARSON CITY
WP,D,CYN,35.78770828,-78.77967834,00/00/00,0:00:00,CARY
WP,D,CAT,38.43809891,-82.60844421,00/00/00,0:00:00,CATTLETSBURG
WP,D,CEN,38.527771,-89.13619232,00/00/00,0:00:00,CENTRALIA
WP,D,CTL,46.71742249,-122.9518814,00/00/00,0:00:00,CENTRALIA
WP,D,CHM,40.11619568,-88.24092865,00/00/00,0:00:00,CHAMPAIGN-URBANA
WP,D,CHS,32.87553406,-79.99890137,00/00/00,0:00:00,CHARLESTON
WP,D,CHW,38.35198975,-81.64672089,00/00/00,0:00:00,CHARLESTON
WP,D,CLT,35.24114609,-80.82363892,00/00/00,0:00:00,CHARLOTTE
WP,D,CVS,38.03203201,-78.49211121,00/00/00,0:00:00,CHARLOTTSVILLE
WP,D,CTH,42.40237045,-82.18504333,00/00/00,0:00:00,CHATHAM
WP,D,CWT,34.25711823,-118.598732,00/00/00,0:00:00,CHATSWORTH
WP,D,CNO,35.0307045,-85.19438934,00/00/00,0:00:00,CHATTANOOGA
WP,D,CMO,43.21690369,-121.7806625,00/00/00,0:00:00,CHEMULT
WP,D,CRH,39.9274826,-75.04243469,00/00/00,0:00:00,CHERRY HILL
WP,D,CHY,41.12158203,-104.8051834,00/00/00,0:00:00,CHEYENNE
WP,D,BOR,41.09111023,-104.9869003,00/00/00,0:00:00,CHEYENNE(BORIE)
WP,D,CHI,41.87873077,-87.63916779,00/00/00,0:00:00,CHICAGO
WP,D,CIC,39.72330856,-121.8447189,00/00/00,0:00:00,CHICO
WP,D,CIA,40.92995453,-89.49421692,00/00/00,0:00:00,CHILLICOTHE
WP,D,CIP,30.78072739,-85.53761292,00/00/00,0:00:00,CHIPLEY
WP,D,CIN,39.10237885,-84.53652954,00/00/00,0:00:00,CINCINNATI
WP,D,CLM,34.0945282,-117.7155075,00/00/00,0:00:00,CLAREMONT
WP,D,CLA,43.36878586,-72.37930298,00/00/00,0:00:00,CLAREMONT
WP,D,CLW,27.97551537,-82.73092651,00/00/00,0:00:00,CLEARWATER
WP,D,CWB,27.97724724,-82.82778168,00/00/00,0:00:00,CLEARWATER BEACH
WP,D,CBR,32.34833527,-97.38166046,00/00/00,0:00:00,CLEBURNE
WP,D,CSN,34.69117737,-82.83348083,00/00/00,0:00:00,CLEMSON
WP,D,CLE,41.50441742,-81.69817352,00/00/00,0:00:00,CLEVELAND
WP,D,CLF,37.81177139,-79.83649445,00/00/00,0:00:00,CLIFTON FORGE
WP,D,CTV,44.62212753,-88.76015472,00/00/00,0:00:00,CLINTONVILLE
WP,D,CLV,38.79989624,-123.0120773,00/00/00,0:00:00,CLOVERDALE
WP,D,COT,39.98561859,-75.82066345,00/00/00,0:00:00,COATESVILLE
WP,D,COX,39.09945679,-120.9527054,00/00/00,0:00:00,COLFAX
WP,D,CFX,46.87592697,-117.3636551,00/00/00,0:00:00,COLFAX
WP,D,CLL,30.60033607,-96.33712769,00/00/00,0:00:00,COLLEGE STATION - BRYAN
WP,D,COS,38.83192444,-104.8191986,00/00/00,0:00:00,COLORADO SPRINGS
WP,D,CLB,33.99371719,-81.04057312,00/00/00,0:00:00,COLUMBIA
WP,D,COG,32.46133423,-84.98742676,00/00/00,0:00:00,COLUMBUS
WP,D,COL,39.95907974,-82.99669647,00/00/00,0:00:00,COLUMBUS
WP,D,CBS,43.34066772,-89.01248169,00/00/00,0:00:00,COLUMBUS
WP,D,COM,33.99090576,-118.1437378,00/00/00,0:00:00,COMMERCE
WP,D,COV,40.01810074,-79.59259796,00/00/00,0:00:00,CONNELLSVILLE
WP,D,COI,39.6464653,-85.13356018,00/00/00,0:00:00,CONNERSVILLE
WP,D,CWY,33.83512497,-79.04673004,00/00/00,0:00:00,CONWAY
WP,D,COO,32.97784424,-111.5155182,00/00/00,0:00:00,COOLIDGE
WP,D,CBY,43.36664581,-124.2119904,00/00/00,0:00:00,COOS BAY
WP,D,COC,36.09819412,-119.5565033,00/00/00,0:00:00,CORCORAN
WP,D,CNG,39.92847824,-122.1969299,00/00/00,0:00:00,CORNING
WP,D,CWH,40.07189178,-74.95080566,00/00/00,0:00:00,CORNWELLS HEIGHTS
WP,D,CNA,32.09160614,-96.46195984,00/00/00,0:00:00,CORSICANA
WP,D,CVI,44.56523895,-123.2605972,00/00/00,0:00:00,CORVALLIS
WP,D,CTG,43.80474091,-123.0563965,00/00/00,0:00:00,COTTAGE GROVE
WP,D,CRF,40.0442543,-86.89938354,00/00/00,0:00:00,CRAWFORDSVILLE
WP,D,CRN,41.05708313,-94.36119843,00/00/00,0:00:00,CRESTON
WP,D,CSV,30.75758743,-86.56903076,00/00/00,0:00:00,CRESTVIEW
WP,D,CRT,41.19272995,-73.88384247,00/00/00,0:00:00,CROTON-HARMON
WP,D,CLP,38.47292328,-77.99304199,00/00/00,0:00:00,CULPEPER
WP,D,CUM,39.65058517,-78.75847626,00/00/00,0:00:00,CUMBERLAND
WP,D,CUT,48.63694,-112.3300247,00/00/00,0:00:00,CUT BANK
WP,D,DDE,28.36418915,-82.18482208,00/00/00,0:00:00,DADE CITY
WP,D,DAL,32.77554321,-96.80740356,00/00/00,0:00:00,DALLAS
WP,D,DVI,40.11942673,-87.63611603,00/00/00,0:00:00,DANVILLE
WP,D,DAN,36.58369827,-79.38431549,00/00/00,0:00:00,DANVILLE
WP,D,DVP,41.51973724,-90.5774231,00/00/00,0:00:00,DAVENPORT
WP,D,DAV,38.54411316,-121.7370682,00/00/00,0:00:00,DAVIS
WP,D,DYA,29.22823143,-81.00911713,00/00/00,0:00:00,DAYTONA BEACH
WP,D,DER,42.31304932,-83.2011795,00/00/00,0:00:00,DEARBORN
WP,D,DFB,26.3177948,-80.12145996,00/00/00,0:00:00,DEERFIELD BEACH
WP,D,DEL,32.95942688,-117.2667007,00/00/00,0:00:00,DEL MAR
WP,D,DRT,29.36308098,-100.9014664,00/00/00,0:00:00,DEL RIO
WP,D,DLD,29.01683426,-81.35245514,00/00/00,0:00:00,DELAND
WP,D,DLB,26.45517921,-80.0925293,00/00/00,0:00:00,DELRAY BEACH
WP,D,DEM,32.27108383,-107.7608337,00/00/00,0:00:00,DEMING
WP,D,DNK,33.32614517,-81.14315033,00/00/00,0:00:00,DENMARK
WP,D,DEN,39.75322342,-104.9996109,00/00/00,0:00:00,DENVER
WP,D,DIA,39.85834122,-104.6669159,00/00/00,0:00:00,DENVER INTERNATIONAL AP'T
WP,D,DET,42.36788177,-83.07209778,00/00/00,0:00:00,DETROIT
WP,D,DLK,46.81948853,-95.84558105,00/00/00,0:00:00,DETROIT LAKES
WP,D,DVL,48.11064529,-98.8613739,00/00/00,0:00:00,DEVILS LAKE
WP,D,DIL,34.41828537,-79.37175751,00/00/00,0:00:00,DILLON
WP,D,DSY,33.81058884,-117.9228821,00/00/00,0:00:00,DISNEYLAND
WP,D,DDG,37.75259781,-100.0165787,00/00/00,0:00:00,DODGE CITY
WP,D,DOA,41.98120117,-86.10873413,00/00/00,0:00:00,DOWAGIAC
WP,D,DOW,40.00253677,-75.70812225,00/00/00,0:00:00,DOWNINGTOWN
WP,D,DQN,38.01135254,-89.24015808,00/00/00,0:00:00,DU QUOIN
WP,D,IAD,38.95161819,-77.44791412,00/00/00,0:00:00,DULLES INTERNATIONAL AP'T
WP,D,DUL,46.76660156,-92.12400818,00/00/00,0:00:00,DULUTH
WP,D,DUK,42.48533249,-79.33101654,00/00/00,0:00:00,DUNKIRK
WP,D,DUN,41.21117401,-122.2699738,00/00/00,0:00:00,DUNSMUIR
WP,D,DRD,42.90977859,-83.98243713,00/00/00,0:00:00,DURAND
WP,D,DUR,33.07375336,-89.85348511,00/00/00,0:00:00,DURANT
WP,D,DNC,35.99703598,-78.90722656,00/00/00,0:00:00,DURHAM
WP,D,DWT,41.09204865,-88.42832184,00/00/00,0:00:00,DWIGHT
WP,D,DYE,41.49852753,-87.51818848,00/00/00,0:00:00,DYER
WP,D,EGL,39.65070724,-106.8330536,00/00/00,0:00:00,EAGLE
WP,D,EDP,37.69921875,-121.8935013,00/00/00,0:00:00,EAST DUBLIN-PLEASANTON
WP,D,GPK,48.44396591,-113.2185593,00/00/00,0:00:00,EAST GLACIER PARK
WP,D,LNS,42.71908188,-84.49354553,00/00/00,0:00:00,EAST LANSING
WP,D,EUC,44.81437683,-91.49999237,00/00/00,0:00:00,EAU CLARE
WP,D,EDM,47.81129456,-122.3830719,00/00/00,0:00:00,EDMONDS
WP,D,EFG,39.11915588,-88.54571533,00/00/00,0:00:00,EFFINGHAM
WP,D,EMC,34.0725975,-118.0424957,00/00/00,0:00:00,EL MONTE
WP,D,ELP,31.75772476,-106.4948883,00/00/00,0:00:00,EL PASO
WP,D,EPL,37.67854309,-119.7528915,00/00/00,0:00:00,EL PORTAL
WP,D,ELT,40.1473999,-76.61457825,00/00/00,0:00:00,ELIZABETHTOWN
WP,D,EKH,41.68072128,-85.97105408,00/00/00,0:00:00,ELKHART
WP,D,ELK,40.83687592,-115.7533951,00/00/00,0:00:00,ELKO
WP,D,EBG,46.99957657,-120.5527573,00/00/00,0:00:00,ELLENSBURG
WP,D,ELY,41.37005234,-82.09700775,00/00/00,0:00:00,ELYRIA
WP,D,EMY,37.84067917,-122.2906799,00/00/00,0:00:00,EMERYVILLE
WP,D,EMP,38.40185165,-96.18553925,00/00/00,0:00:00,EMPORIA
WP,D,EPH,47.32059479,-119.548645,00/00/00,0:00:00,EPHRATA
WP,D,ERI,42.12112808,-80.08103943,00/00/00,0:00:00,ERIE
WP,D,EMI,45.7803688,-87.08735657,00/00/00,0:00:00,ESCANABA
WP,D,ESM,48.2808609,-113.6094818,00/00/00,0:00:00,ESSEX
WP,D,EUG,44.05538559,-123.0918427,00/00/00,0:00:00,EUGENE-SPRINGFIELD
WP,D,EKA,40.80301666,-124.1582031,00/00/00,0:00:00,EUREKA
WP,D,EVT,41.26921463,-110.9642944,00/00/00,0:00:00,EVANSTON
WP,D,EVR,47.97928238,-122.2156219,00/00/00,0:00:00,EVERETT
WP,D,EVE,31.43252182,-86.95611572,00/00/00,0:00:00,EVERGREEN
WP,D,EXT,40.01995087,-75.62329865,00/00/00,0:00:00,EXTON
WP,D,FHV,43.59057617,-73.26204681,00/00/00,0:00:00,FAIR HAVEN
WP,D,FAR,46.88107681,-96.78461456,00/00/00,0:00:00,FARGO
WP,D,FMC,40.24155426,-88.64270782,00/00/00,0:00:00,FARMER CITY
WP,D,FAY,35.05490494,-78.88506317,00/00/00,0:00:00,FAYETTEVILLE
WP,D,FIL,34.39612961,-118.9166107,00/00/00,0:00:00,FILLMORE
WP,D,FSH,37.47462845,-119.6371918,00/00/00,0:00:00,FISH CAMP
WP,D,FLG,35.19801331,-111.6506653,00/00/00,0:00:00,FLAGSTAFF
WP,D,FLN,43.01363373,-83.65483856,00/00/00,0:00:00,FLINT
WP,D,FRO,44.01136017,-124.1003494,00/00/00,0:00:00,FLORENCE
WP,D,FLO,34.19881821,-79.75709534,00/00/00,0:00:00,FLORENCE
WP,D,FLC,43.75553131,-88.45079041,00/00/00,0:00:00,FOND DU LAC
WP,D,FDL,43.7525177,-88.45018768,00/00/00,0:00:00,FONT DU LAC
WP,D,FCC,40.5837822,-105.065918,00/00/00,0:00:00,FORT COLLINS
WP,D,FED,43.26951599,-73.58045959,00/00/00,0:00:00,FORT EDWARD/GLENS FALLS
WP,D,FHD,31.13995934,-97.76431274,00/00/00,0:00:00,FORT HOOD
WP,D,FTL,26.11961365,-80.1701889,00/00/00,0:00:00,FORT LAUDERDALE
WP,D,FMD,40.62339401,-91.33335876,00/00/00,0:00:00,FORT MADISON
WP,D,FMG,40.24732971,-103.8026505,00/00/00,0:00:00,FORT MORGAN
WP,D,FTM,26.68235016,-81.88490295,00/00/00,0:00:00,FORT MYERS
WP,D,FWA,41.07608032,-85.13870239,00/00/00,0:00:00,FORT WAYNE
WP,D,FTW,32.74937439,-97.3238678,00/00/00,0:00:00,FORT WORTH
WP,D,FTA,40.59749603,-124.1518936,00/00/00,0:00:00,FORTUNA
WP,D,FOS,41.15253448,-83.41426849,00/00/00,0:00:00,FOSTORIA
WP,D,FOX,41.45766068,-71.97193909,00/00/00,0:00:00,FOXWOOD CASINO
WP,D,WIP,39.94869614,-105.8173676,00/00/00,0:00:00,FRAISER-WINTER PARK
WP,D,FRA,42.27666855,-71.41786194,00/00/00,0:00:00,FRAMINGHAM
WP,D,FRS,38.76501846,-77.17054749,00/00/00,0:00:00,FRANCONIA/SPRINGFIELD
WP,D,FDR,39.41179276,-77.41106415,00/00/00,0:00:00,FREDERICK
WP,D,FBG,38.29855728,-77.45693207,00/00/00,0:00:00,FREDERICKSBURG
WP,D,FDN,42.44512558,-79.34017944,00/00/00,0:00:00,FREDONIA
WP,D,FRT,37.53993225,-121.9224396,00/00/00,0:00:00,FREEMONT-MISSION SAN JOSE
WP,D,FMT,37.55819702,-122.0063782,00/00/00,0:00:00,FREMONT
WP,D,FNO,36.73862839,-119.7822495,00/00/00,0:00:00,FRESNO
WP,D,FSC,39.5871048,-106.096283,00/00/00,0:00:00,FRISCO
WP,D,FUL,33.86894608,-117.9228363,00/00/00,0:00:00,FULLERTON
WP,D,FTN,36.52252197,-88.88800812,00/00/00,0:00:00,FULTON
WP,D,GNF,29.65107918,-82.32369232,00/00/00,0:00:00,GAINESVILLE
WP,D,GNS,34.28371811,-83.82668304,00/00/00,0:00:00,GAINESVILLE
WP,D,GLE,33.62442398,-97.14026642,00/00/00,0:00:00,GAINESVILLE
WP,D,GBA,40.94961929,-90.37102509,00/00/00,0:00:00,GALESBURG (EX-ATSF)
WP,D,GBB,40.94404984,-90.36410522,00/00/00,0:00:00,GALESBURG (EX-BN)
WP,D,GLP,35.52924728,-108.7396774,00/00/00,0:00:00,GALLUP
WP,D,GLS,29.29120827,-94.78607178,00/00/00,0:00:00,GALVESTON
WP,D,GBV,40.10106277,-123.7938995,00/00/00,0:00:00,GARBERVILLE
WP,D,GCK,37.96472549,-100.8727951,00/00/00,0:00:00,GARDEN CITY
WP,D,GBC,49.99924469,-123.1422195,00/00/00,0:00:00,GARIBALDI HIGHLANDS
WP,D,GIN,41.35323715,-85.13601685,00/00/00,0:00:00,GARRETT
WP,D,GAS,35.26835632,-81.16397858,00/00/00,0:00:00,GASTONIA
WP,D,GEO,43.65727997,-79.92368317,00/00/00,0:00:00,GEORGETOWN
WP,D,GLM,40.76207733,-87.99476624,00/00/00,0:00:00,GILMAN
WP,D,GLY,37.00598145,-121.5675049,00/00/00,0:00:00,GILROY
WP,D,GGW,48.19451523,-106.6348114,00/00/00,0:00:00,GLASGOW
WP,D,GCO,42.72455978,-81.71585846,00/00/00,0:00:00,GLENCOE
WP,D,GDL,34.12363815,-118.2579575,00/00/00,0:00:00,GLENDALE
WP,D,GLN,42.07419586,-87.80534363,00/00/00,0:00:00,GLENVIEW
WP,D,GSC,39.54811859,-107.3226776,00/00/00,0:00:00,GLENWOOD SPRINGS
WP,D,GBO,35.38654709,-77.99396515,00/00/00,0:00:00,GOLDSBORO
WP,D,GTA,34.43755722,-119.8411713,00/00/00,0:00:00,GOLETA
WP,D,GRA,40.08391571,-105.9348373,00/00/00,0:00:00,GRANBY
WP,D,GCN,36.05671692,-112.1349411,00/00/00,0:00:00,GRAND CANYON NATIONAL PAR
WP,D,GFK,47.91885376,-97.11043549,00/00/00,0:00:00,GRAND FORKS
WP,D,GJT,39.06481934,-108.5699234,00/00/00,0:00:00,GRAND JUNCTION
WP,D,GRR,42.95637131,-85.67899323,00/00/00,0:00:00,GRAND RAPIDS
WP,D,GVI,45.92650604,-116.1289368,00/00/00,0:00:00,GRANGEVILLE
WP,D,GTP,42.43545914,-123.2963333,00/00/00,0:00:00,GRANTS PASS
WP,D,GRS,39.21938324,-121.0579529,00/00/00,0:00:00,GRASS VALLEY
WP,D,GRE,40.42394257,-104.6883926,00/00/00,0:00:00,GREELEY
WP,D,GBY,44.51483154,-88.0050354,00/00/00,0:00:00,GREEN BAY
WP,D,GRI,38.99244308,-110.1645966,00/00/00,0:00:00,GREEN RIVER
WP,D,GNR,41.52702713,-109.4653015,00/00/00,0:00:00,GREEN RIVER
WP,D,GFV,42.30490112,-83.24184418,00/00/00,0:00:00,GREENFIELD VILLAGE
WP,D,GRO,36.061203,-79.83135223,00/00/00,0:00:00,GREENSBORO
WP,D,GNB,40.30485153,-79.54727936,00/00/00,0:00:00,GREENSBURG
WP,D,GVA,31.82530212,-86.63053894,00/00/00,0:00:00,GREENVILLE
WP,D,GRV,34.85655975,-82.41418457,00/00/00,0:00:00,GREENVILLE
WP,D,GWD,33.51773834,-90.17608643,00/00/00,0:00:00,GREENWOOD
WP,D,GDA,33.78321457,-89.79808807,00/00/00,0:00:00,GRENADA
WP,D,GMS,43.18756485,-79.55370331,00/00/00,0:00:00,GRIMBSY
WP,D,GVB,35.1220665,-120.6281052,00/00/00,0:00:00,GROVER BEACH
WP,D,GUA,34.96260452,-120.5729446,00/00/00,0:00:00,GUADALUPE/SANTA MARIA
WP,D,GUE,43.55136871,-80.25400543,00/00/00,0:00:00,GUELPH
WP,D,GUF,30.36860847,-89.09497833,00/00/00,0:00:00,GULFPORT
WP,D,HAG,39.56830978,-77.73008728,00/00/00,0:00:00,HAGERSTOWN
WP,D,HMN,39.39457321,-84.55991364,00/00/00,0:00:00,HAMILTON
WP,D,HAM,34.8830719,-79.69845581,00/00/00,0:00:00,HAMLET
WP,D,HMD,30.51169777,-90.46359253,00/00/00,0:00:00,HAMMOND
WP,D,HMI,41.6930809,-87.50874329,00/00/00,0:00:00,HAMMOND-WHITING
WP,D,HNF,36.32621384,-119.6507797,00/00/00,0:00:00,HANFORD
WP,D,HGN,26.19343376,-97.69390106,00/00/00,0:00:00,HARLINGEN
WP,D,HFY,39.32504272,-77.73355865,00/00/00,0:00:00,HARPERS FERRY
WP,D,HAR,40.26156235,-76.87819672,00/00/00,0:00:00,HARRISBURG
WP,D,HFD,41.76779938,-72.68212128,00/00/00,0:00:00,HARTFORD
WP,D,HAS,40.58413315,-98.3873291,00/00/00,0:00:00,HASTINGS
WP,D,HCH,32.66562271,-107.1558228,00/00/00,0:00:00,HATCH
WP,D,HBG,31.32671928,-89.28618622,00/00/00,0:00:00,HATTIESBURG
WP,D,HAV,48.55441666,-109.6781235,00/00/00,0:00:00,HAVRE
WP,D,HWT,29.59659576,-82.08708191,00/00/00,0:00:00,HAWTHORNE
WP,D,HAY,37.66685867,-122.0977859,00/00/00,0:00:00,HAYWARD
WP,D,HAZ,31.86289787,-90.39427948,00/00/00,0:00:00,HAZELHURST
WP,D,HEA,38.61066818,-122.8694992,00/00/00,0:00:00,HEALDSBURG
WP,D,HER,39.68819809,-110.8525772,00/00/00,0:00:00,HELPER
WP,D,HMT,33.74717331,-117.0054779,00/00/00,0:00:00,HEMET
WP,D,HEM,38.70729446,-91.43260193,00/00/00,0:00:00,HERMANN
WP,D,HMO,45.84533691,-119.2893372,00/00/00,0:00:00,HERMISTON
WP,D,HPT,35.95750809,-80.00583649,00/00/00,0:00:00,HIGH POINT
WP,D,HIK,45.79586411,-119.3092957,00/00/00,0:00:00,HINKLE
WP,D,HIN,37.67707062,-80.88863373,00/00/00,0:00:00,HINTON
WP,D,HLD,40.43619156,-99.3707428,00/00/00,0:00:00,HOLDREGE
WP,D,HOM,42.78931427,-86.09777832,00/00/00,0:00:00,HOLLAND
WP,D,HOL,26.01068687,-80.16854095,00/00/00,0:00:00,HOLLYWOOD
WP,D,HMF,25.46810913,-80.4744873,00/00/00,0:00:00,HOMESTEAD
WP,D,HMW,41.56235123,-87.66851044,00/00/00,0:00:00,HOMEWOOD
WP,D,HOO,45.70121002,-121.5226135,00/00/00,0:00:00,HOOD RIVER
WP,D,HSN,34.50974274,-93.05351257,00/00/00,0:00:00,HOT SPRINGS
WP,D,HOS,29.76718903,-95.36697388,00/00/00,0:00:00,HOUSTON
WP,D,HWC,43.39572906,-85.46992493,00/00/00,0:00:00,HOWARD CITY
WP,D,HUD,42.25308228,-73.79843903,00/00/00,0:00:00,HUDSON
WP,D,HTR,42.24498367,-74.18408203,00/00/00,0:00:00,HUNTER MOUNTAIN
WP,D,HGD,40.4834938,-78.01183319,00/00/00,0:00:00,HUNTINGDON
WP,D,HUN,38.41540527,-82.44084167,00/00/00,0:00:00,HUNTINGTON
WP,D,HUT,38.05585861,-97.93006134,00/00/00,0:00:00,HUTCHINSON
WP,D,HYA,41.65513611,-70.27881622,00/00/00,0:00:00,HYANNIS
WP,D,IDA,43.49647903,-112.0470581,00/00/00,0:00:00,IDAHO FALLS
WP,D,IDP,39.0869751,-94.4292984,00/00/00,0:00:00,INDEPENDENCE
WP,D,IND,39.76215363,-86.16030884,00/00/00,0:00:00,INDIANAPOLIS
WP,D,IDO,33.7147522,-116.2331696,00/00/00,0:00:00,INDIO
WP,D,IRV,33.67476654,-117.7591934,00/00/00,0:00:00,IRVINE
WP,D,ISL,24.92460823,-80.62878418,00/00/00,0:00:00,ISLAMORADA
WP,D,ISQ,47.53039551,-122.0362854,00/00/00,0:00:00,ISSAQUAH
WP,D,JXN,42.24805069,-84.40029144,00/00/00,0:00:00,JACKSON
WP,D,JAN,32.30064392,-90.19059753,00/00/00,0:00:00,JACKSON
WP,D,JAX,30.36657715,-81.72460175,00/00/00,0:00:00,JACKSONVILLE
WP,D,JMN,42.0964241,-79.24009705,00/00/00,0:00:00,JAMESTOWN
WP,D,JVI,42.66396713,-88.97331238,00/00/00,0:00:00,JANESVILLE
WP,D,JVL,42.72035599,-88.99692535,00/00/00,0:00:00,JANESVILLE
WP,D,JEF,38.57905197,-92.17037964,00/00/00,0:00:00,JEFFERSON CITY
WP,D,JSP,31.60590935,-81.88220215,00/00/00,0:00:00,JESUP
WP,D,JST,40.33010101,-78.92242432,00/00/00,0:00:00,JOHNSTOWN
WP,D,JOL,41.52487564,-88.07913971,00/00/00,0:00:00,JOLIET
WP,D,KAL,42.29545212,-85.58358765,00/00/00,0:00:00,KALAMAZOO
WP,D,KLK,44.74995041,-85.17169189,00/00/00,0:00:00,KALKASA
WP,D,KKI,41.119133,-87.8657608,00/00/00,0:00:00,KANKAKEE
WP,D,KAN,35.50126648,-80.62181091,00/00/00,0:00:00,KANNAPOLIS
WP,D,KCY,39.08615112,-94.58394623,00/00/00,0:00:00,KANSAS CITY
WP,D,KEL,46.1426239,-122.9117661,00/00/00,0:00:00,KELSO-LONGVIEW
WP,D,JFK,40.64375687,-73.78418732,00/00/00,0:00:00,KENNEDY AIRPORT NEW YORK
WP,D,KTC,35.98417664,-119.9594879,00/00/00,0:00:00,KETTLEMAN CITY
WP,D,KEE,41.24562454,-89.92742157,00/00/00,0:00:00,KEWANEE
WP,D,KYL,25.13558578,-80.40423584,00/00/00,0:00:00,KEY LARGO
WP,D,KWA,24.55593491,-81.75946045,00/00/00,0:00:00,KEY WEST
WP,D,KWS,24.55217934,-81.79213715,00/00/00,0:00:00,KEY WEST - DOWNTOWN
WP,D,KIL,31.12129784,-97.72948456,00/00/00,0:00:00,KILLEEN
WP,D,KLT,43.66832733,-72.80457306,00/00/00,0:00:00,KILLINGTON
WP,D,KGC,36.20351028,-121.1287003,00/00/00,0:00:00,KING CITY
WP,D,KNG,35.18835831,-114.0520706,00/00/00,0:00:00,KINGMAN
WP,D,KIN,41.48394012,-71.56228638,00/00/00,0:00:00,KINGSTON
WP,D,KTR,33.66437912,-79.82906342,00/00/00,0:00:00,KINGSTREE
WP,D,KWD,38.58088303,-90.40759277,00/00/00,0:00:00,KIRKWOOD
WP,D,KIS,28.29327011,-81.40486908,00/00/00,0:00:00,KISSIMMEE
WP,D,KOT,43.45701981,-80.49342346,00/00/00,0:00:00,KITCHNER
WP,D,KFS,42.22587967,-121.7709198,00/00/00,0:00:00,KLAMATH FALLS
WP,D,LCA,34.23068619,-118.2653275,00/00/00,0:00:00,LA CRESCENTA
WP,D,LSE,43.83361816,-91.24759674,00/00/00,0:00:00,LA CROSSE
WP,D,LAE,45.3259201,-118.0780182,00/00/00,0:00:00,LA GRANDE
WP,D,LAG,41.81590271,-87.86972046,00/00/00,0:00:00,LA GRANGE ROAD
WP,D,LGA,40.77195358,-73.86972046,00/00/00,0:00:00,LA GUARDIA AIRPORT
WP,D,LAJ,37.98806763,-103.5424957,00/00/00,0:00:00,LA JUNTA
WP,D,LPN,43.67464066,-121.4991455,00/00/00,0:00:00,LA PINE
WP,D,LAP,40.0314064,-92.48530579,00/00/00,0:00:00,LA PLATA
WP,D,LAF,40.42108917,-86.89503479,00/00/00,0:00:00,LAFAYETTE
WP,D,LFT,30.22734451,-92.01459503,00/00/00,0:00:00,LAFAYETTE
WP,D,LUN,33.54380035,-117.7830734,00/00/00,0:00:00,LAGUNA BEACH
WP,D,LBV,28.38327026,-81.50650024,00/00/00,0:00:00,LAKE BUENA VISTA
WP,D,LCH,30.23808479,-93.21499634,00/00/00,0:00:00,LAKE CHARLES
WP,D,LEC,30.1966114,-82.65110016,00/00/00,0:00:00,LAKE CITY
WP,D,LHA,34.46609116,-114.3345261,00/00/00,0:00:00,LAKE HAVASU CITY
WP,D,LOP,39.02039337,-121.0574417,00/00/00,0:00:00,LAKE OF THE PINES JCT.
WP,D,LPD,44.28216934,-73.98454285,00/00/00,0:00:00,LAKE PLACID
WP,D,LAK,28.0456543,-81.95161438,00/00/00,0:00:00,LAKELAND
WP,D,LMR,38.08950043,-102.6182938,00/00/00,0:00:00,LAMAR
WP,D,LMQ,29.37326813,-94.96373749,00/00/00,0:00:00,LAMARQUE
WP,D,LMY,35.47748566,-105.884758,00/00/00,0:00:00,LAMY
WP,D,LCS,34.69551086,-118.1361771,00/00/00,0:00:00,LANCASTER
WP,D,LNC,40.0538063,-76.30758667,00/00/00,0:00:00,LANCASTER
WP,D,LPE,43.04962921,-83.3056488,00/00/00,0:00:00,LAPEER
WP,D,LAR,41.2961235,-105.5309525,00/00/00,0:00:00,LARAMIE
WP,D,LDO,27.50617409,-99.50390625,00/00/00,0:00:00,LAREDO
WP,D,LCR,32.30915451,-106.7947159,00/00/00,0:00:00,LAS CRUCES
WP,D,LSV,35.59329987,-105.2121429,00/00/00,0:00:00,LAS VEGAS
WP,D,LVS,36.1668129,-115.1486053,00/00/00,0:00:00,LAS VEGAS
WP,D,LAB,40.3183403,-79.38522339,00/00/00,0:00:00,LATROBE
WP,D,LNV,35.15706635,-114.5738525,00/00/00,0:00:00,LAUGHLIN
WP,D,LAU,31.69239044,-89.12783813,00/00/00,0:00:00,LAUREL
WP,D,LRC,38.97221756,-95.23171997,00/00/00,0:00:00,LAWRENCE
WP,D,LTV,39.68565369,-123.4794159,00/00/00,0:00:00,LAYTONVILLE
WP,D,LEV,47.5965004,-120.6603241,00/00/00,0:00:00,LEAVENWORTH
WP,D,LHV,37.19202423,-76.5719223,00/00/00,0:00:00,LEE HALL
WP,D,LEE,38.91294479,-94.3776474,00/00/00,0:00:00,LEE'S SUMMIT
WP,D,LEG,39.85039902,-123.711174,00/00/00,0:00:00,LEGGETT
WP,D,LMC,36.28665543,-119.7975464,00/00/00,0:00:00,LEMOORE
WP,D,LWN,46.43136978,-116.9835129,00/00/00,0:00:00,LEWISTON
WP,D,LEW,40.5885849,-77.579216,00/00/00,0:00:00,LEWISTON
WP,D,LIB,48.39514923,-115.5486221,00/00/00,0:00:00,LIBBY
WP,D,LCN,40.14753723,-89.36330414,00/00/00,0:00:00,LINCOLN
WP,D,LNK,40.81467056,-96.71081543,00/00/00,0:00:00,LINCOLN
WP,D,LDW,39.8350563,-75.00187683,00/00/00,0:00:00,LINDENWOLD
WP,D,LRK,34.75035095,-92.28637695,00/00/00,0:00:00,LITTLE ROCK
WP,D,LIV,37.70398331,-121.7366257,00/00/00,0:00:00,LIVERMORE
WP,D,LOM,34.64387894,-120.4568329,00/00/00,0:00:00,LOMPOC
WP,D,LPS,34.68445969,-120.6025162,00/00/00,0:00:00,LOMPOC-SURF STATION
WP,D,LOT,42.98831177,-81.23557281,00/00/00,0:00:00,LONDON
WP,D,LBC,33.77417755,-118.1885605,00/00/00,0:00:00,LONG BEACH
WP,D,LGM,40.16934967,-105.1014633,00/00/00,0:00:00,LONGMONT
WP,D,LVW,32.4958725,-94.7252655,00/00/00,0:00:00,LONGVIEW
WP,D,LDB,32.35058975,-108.7063217,00/00/00,0:00:00,LORDSBURG
WP,D,LOR,38.70596313,-77.22137451,00/00/00,0:00:00,LORTON (AUTO-TRAIN)
WP,D,LAX,34.0562973,-118.2365341,00/00/00,0:00:00,LOS ANGELES
WP,D,LVL,38.25200272,-85.76339722,00/00/00,0:00:00,LOUISVILLE
WP,D,LJV,38.30117035,-85.75078583,00/00/00,0:00:00,LOUISVILLE/JEFFERSONVILLE
WP,D,LLD,40.40736389,-105.0600128,00/00/00,0:00:00,LOVELAND
WP,D,LOL,40.18490601,-118.4707108,00/00/00,0:00:00,LOVELOCK
WP,D,LYH,37.40702438,-79.15746307,00/00/00,0:00:00,LYNCHBURG
WP,D,MAK,45.78168106,-84.72528076,00/00/00,0:00:00,MACKINAW CITY
WP,D,MAC,40.46113205,-90.67227936,00/00/00,0:00:00,MACOMB
WP,D,MCN,32.84352875,-83.63009644,00/00/00,0:00:00,MACON
WP,D,MDR,36.97451782,-120.0189438,00/00/00,0:00:00,MADERA
WP,D,MDO,30.45911026,-83.41333771,00/00/00,0:00:00,MADISON
WP,D,MSN,43.07587051,-89.39875793,00/00/00,0:00:00,MADISON
WP,D,MAS,44.62710571,-121.12854,00/00/00,0:00:00,MADRAS
WP,D,MAL,48.35988235,-107.8724442,00/00/00,0:00:00,MALTA
WP,D,MON,43.70701981,-79.62908936,00/00/00,0:00:00,MALTON
WP,D,MVN,34.36591721,-92.81235504,00/00/00,0:00:00,MALVERN
WP,D,MLV,40.03578568,-75.51520538,00/00/00,0:00:00,MALVERN
WP,D,MSS,38.75003433,-77.47384644,00/00/00,0:00:00,MANASSAS
WP,D,MLN,44.90483093,-85.05732727,00/00/00,0:00:00,MANCELONA
WP,D,MTC,44.07984161,-87.69699097,00/00/00,0:00:00,MANITOWOC
WP,D,MTH,24.72720718,-81.04125214,00/00/00,0:00:00,MARATHON
WP,D,MAR,39.71619415,-92.94657898,00/00/00,0:00:00,MARCELINE
WP,D,MRC,33.05843735,-112.0479279,00/00/00,0:00:00,MARICOPA
WP,D,MWI,45.08541107,-87.64343262,00/00/00,0:00:00,MARINETTE
WP,D,MIO,44.68226624,-88.88876343,00/00/00,0:00:00,MARION
WP,D,MRP,37.48965836,-119.9695435,00/00/00,0:00:00,MARIPOSA
WP,D,MRX,34.25428772,-90.2728653,00/00/00,0:00:00,MARKS
WP,D,MQT,46.54200745,-87.39530182,00/00/00,0:00:00,MARQUETTE
WP,D,MHL,32.55134964,-94.36684418,00/00/00,0:00:00,MARSHALL
WP,D,MTZ,38.01973343,-122.1363525,00/00/00,0:00:00,MARTINEZ
WP,D,MRB,39.45827103,-77.96150208,00/00/00,0:00:00,MARTINSBURG
WP,D,MRV,39.14202881,-121.5834274,00/00/00,0:00:00,MARYSVILLE
WP,D,MAT,39.48242188,-88.37552643,00/00/00,0:00:00,MATTOON
WP,D,MAY,38.65162277,-83.77107239,00/00/00,0:00:00,MAYSVILLE
WP,D,MEN,26.20309258,-98.23641205,00/00/00,0:00:00,MCALLEN
WP,D,MCA,44.92166138,-116.0895386,00/00/00,0:00:00,MCCALL
WP,D,MCB,31.24929237,-90.45294189,00/00/00,0:00:00,MCCOMB
WP,D,MCK,40.19756317,-100.6253433,00/00/00,0:00:00,MCCOOK
WP,D,MCG,31.43792152,-97.40172577,00/00/00,0:00:00,MCGREGOR
WP,D,MKV,40.97550583,-124.1109467,00/00/00,0:00:00,MCKINLEYVILLE
WP,D,MFR,42.32886124,-122.8718643,00/00/00,0:00:00,MEDFORD
WP,D,MEM,35.13243103,-90.05887604,00/00/00,0:00:00,MEMPHIS
WP,D,MDT,41.5500412,-89.11728668,00/00/00,0:00:00,MENDOTA
WP,D,MCD,37.30704117,-120.4758911,00/00/00,0:00:00,MERCED
WP,D,MDN,41.53899765,-72.80121613,00/00/00,0:00:00,MERIDEN
WP,D,MEI,32.36382294,-88.69616699,00/00/00,0:00:00,MERIDIAN
WP,D,MSK,44.40382385,-85.69916534,00/00/00,0:00:00,MESICK
WP,D,MET,40.56775284,-74.32785797,00/00/00,0:00:00,METROPARK
WP,D,MIA,25.84984779,-80.2580719,00/00/00,0:00:00,MIAMI
WP,D,MII,25.79003906,-80.28752136,00/00/00,0:00:00,MIAMI INT'L AIRPORT
WP,D,MCI,41.72135925,-86.90522003,00/00/00,0:00:00,MICHIGAN CITY
WP,D,MBY,44.01298523,-73.16569519,00/00/00,0:00:00,MIDDLEBURY
WP,D,MID,40.19294739,-76.73161316,00/00/00,0:00:00,MIDDLETOWN
WP,D,MDP,37.55945587,-119.9320679,00/00/00,0:00:00,MIDPINES
WP,D,MFD,38.39493179,-113.0091019,00/00/00,0:00:00,MILFORD
WP,D,MLB,37.59904861,-122.3851776,00/00/00,0:00:00,MILLBRAE
WP,D,MKE,43.03401566,-87.91648102,00/00/00,0:00:00,MILWAUKEE
WP,D,MIN,32.66188049,-95.49013519,00/00/00,0:00:00,MINEOLA
WP,D,MOT,48.23573303,-101.297905,00/00/00,0:00:00,MINOT
WP,D,MOE,30.69045067,-88.0381012,00/00/00,0:00:00,MOBILE
WP,D,MOD,37.66814041,-120.9115982,00/00/00,0:00:00,MODESTO
WP,D,MOJ,35.05228806,-118.1724472,00/00/00,0:00:00,MOJAVE
WP,D,MLI,41.45472717,-90.5057373,00/00/00,0:00:00,MOLINE
WP,D,MEW,47.85922241,-121.9685745,00/00/00,0:00:00,MONROE
WP,D,MRY,36.59801102,-121.8925629,00/00/00,0:00:00,MONTEREY TRANSIT PLAZA
WP,D,MGM,32.32650757,-86.33039856,00/00/00,0:00:00,MONTGOMERY
WP,D,MNG,38.18070221,-81.32407379,00/00/00,0:00:00,MONTGOMERY
WP,D,MPR,44.25736237,-72.60868073,00/00/00,0:00:00,MONTPELIER-BARRE
WP,D,MTR,45.454216,-73.66523743,00/00/00,0:00:00,MONTREAL
WP,D,MPK,34.2851944,-118.8769531,00/00/00,0:00:00,MOORPARK
WP,D,MOV,33.91582489,-117.2876587,00/00/00,0:00:00,MORENO VALLEY
WP,D,MHC,37.12662506,-121.6458435,00/00/00,0:00:00,MORGAN HILL
WP,D,MOC,46.7300415,-117.0016098,00/00/00,0:00:00,MOSCOW
WP,D,MLK,47.10194397,-119.2452164,00/00/00,0:00:00,MOSES LAKE
WP,D,MJY,40.10891724,-76.50291443,00/00/00,0:00:00,MOUNT JOY
WP,D,MTP,40.97130585,-91.55123901,00/00/00,0:00:00,MOUNT PLEASANT
WP,D,MVW,48.43558884,-122.3297806,00/00/00,0:00:00,MOUNT VERNON
WP,D,MUN,34.94112396,-111.6539459,00/00/00,0:00:00,MUNDS PARK
WP,D,MBS,33.68162918,-78.92217255,00/00/00,0:00:00,MYRTLE BEACH
WP,D,MYS,41.3492012,-71.95978546,00/00/00,0:00:00,MYSTIC
WP,D,NCG,31.61830139,-94.63967133,00/00/00,0:00:00,NACOGDOCHES
WP,D,NAM,43.57632065,-116.5571594,00/00/00,0:00:00,NAMPA
WP,D,NNI,49.18260574,-123.951416,00/00/00,0:00:00,NANAIMO
WP,D,NAP,38.30430984,-122.2840042,00/00/00,0:00:00,NAPA
WP,D,NPV,41.77950668,-88.14505005,00/00/00,0:00:00,NAPERVILLE
WP,D,NPL,26.16137886,-81.68608856,00/00/00,0:00:00,NAPLES
WP,D,NPI,41.44120789,-86.00076294,00/00/00,0:00:00,NAPPANEE
WP,D,NAV,38.34893036,-89.38158417,00/00/00,0:00:00,NASHVILLE
WP,D,NVL,36.16014099,-86.78301239,00/00/00,0:00:00,NASHVILLE
WP,D,NDL,34.84027863,-114.6048737,00/00/00,0:00:00,NEEDLES
WP,D,NEV,39.25915909,-121.0170364,00/00/00,0:00:00,NEVADA CITY
WP,D,NBK,40.4953537,-74.44850159,00/00/00,0:00:00,NEW BRUNSWICK
WP,D,NBM,41.78794861,-86.73987579,00/00/00,0:00:00,NEW BUFFALO
WP,D,NCR,38.95333099,-76.86443329,00/00/00,0:00:00,NEW CARROLLTON
WP,D,NHV,41.29866791,-72.92599487,00/00/00,0:00:00,NEW HAVEN
WP,D,NIB,30.0084877,-91.82351685,00/00/00,0:00:00,NEW IBERIA
WP,D,NLC,41.35433197,-72.09388733,00/00/00,0:00:00,NEW LONDON
WP,D,NLW,44.38918304,-88.73943329,00/00/00,0:00:00,NEW LONDON
WP,D,NOL,29.94679642,-90.07959747,00/00/00,0:00:00,NEW ORLEANS
WP,D,NPR,28.23142433,-82.73039246,00/00/00,0:00:00,NEW PORT RICHIE
WP,D,NRO,40.91392136,-73.78200531,00/00/00,0:00:00,NEW ROCHELLE
WP,D,NYP,40.74967957,-73.99186707,00/00/00,0:00:00,NEW YORK (PENN STA)
WP,D,NRK,39.67032242,-75.7533493,00/00/00,0:00:00,NEWARK
WP,D,NWK,40.73427963,-74.16488647,00/00/00,0:00:00,NEWARK
WP,D,NBN,36.11244965,-89.26296234,00/00/00,0:00:00,NEWBERN/DYERSBURG
WP,D,NWP,41.48693848,-71.31565857,00/00/00,0:00:00,NEWPORT
WP,D,NPT,35.60657883,-91.28302002,00/00/00,0:00:00,NEWPORT
WP,D,NPO,44.62601471,-124.0595245,00/00/00,0:00:00,NEWPORT
WP,D,NPB,33.61253738,-117.8696442,00/00/00,0:00:00,NEWPORT BEACH
WP,D,NPN,37.01935577,-76.4510498,00/00/00,0:00:00,NEWPORT NEWS
WP,D,NEW,38.04730988,-97.34460449,00/00/00,0:00:00,NEWTON
WP,D,NFL,43.11360168,-79.03066254,00/00/00,0:00:00,NIAGARA FALLS
WP,D,NFS,43.12139511,-79.07804108,00/00/00,0:00:00,NIAGARA FALLS
WP,D,NLS,41.83657455,-86.25361633,00/00/00,0:00:00,NILES
WP,D,NFK,36.858284,-76.28757477,00/00/00,0:00:00,NORFOLK
WP,D,NOB,36.94327164,-76.31560516,00/00/00,0:00:00,NORFOLK NAVAL
WP,D,NOR,35.21962738,-97.44216919,00/00/00,0:00:00,NORMAN
WP,D,NHD,38.63798141,-121.4041519,00/00/00,0:00:00,NORTH HIGHLANDS
WP,D,PHN,39.99690628,-75.15436554,00/00/00,0:00:00,NORTH PHILADELPHIA
WP,D,NHT,42.31835175,-72.62792206,00/00/00,0:00:00,NORTHAMPTON
WP,D,OAH,37.33680725,-119.6442566,00/00/00,0:00:00,OAKHURST
WP,D,OKJ,37.79464722,-122.2707443,00/00/00,0:00:00,OAKLAND
WP,D,OKL,43.45260239,-79.67370605,00/00/00,0:00:00,OAKVILLE
WP,D,OCA,29.19222832,-82.13639069,00/00/00,0:00:00,OCALA
WP,D,OSD,33.19258118,-117.378624,00/00/00,0:00:00,OCEANSIDE
WP,D,ODE,31.864254,-102.3314743,00/00/00,0:00:00,ODESSA
WP,D,OGD,41.22157288,-111.9789047,00/00/00,0:00:00,OGDEN
WP,D,OKE,27.2512188,-80.83030701,00/00/00,0:00:00,OKEECHOBEE
WP,D,OKO,43.40061951,-72.70835114,00/00/00,0:00:00,OKEMO
WP,D,OKC,35.46614456,-97.51263428,00/00/00,0:00:00,OKLAHOMA CITY
WP,D,OSB,41.30053329,-72.37602234,00/00/00,0:00:00,OLD SAYBROOK
WP,D,OLW,46.99066162,-122.7958069,00/00/00,0:00:00,OLYMPIA/LACEY
WP,D,OMA,41.25016785,-95.92742157,00/00/00,0:00:00,OMAHA
WP,D,ONA,34.06170654,-117.6478577,00/00/00,0:00:00,ONTARIO
WP,D,ONT,44.03108978,-116.96064,00/00/00,0:00:00,ONTARIO
WP,D,OPE,32.64744568,-85.37980652,00/00/00,0:00:00,OPELIKA
WP,D,ORP,41.1543541,-72.24172974,00/00/00,0:00:00,ORIENT POINT
WP,D,ORL,28.52569389,-81.38174438,00/00/00,0:00:00,ORLANDO
WP,D,ORV,39.51986694,-121.5701828,00/00/00,0:00:00,OROVILLE
WP,D,OSC,41.03744507,-93.76574707,00/00/00,0:00:00,OSCEOLA
WP,D,OSH,44.01501846,-88.53733826,00/00/00,0:00:00,OSHKOSH
WP,D,OTM,41.01964188,-92.4156723,00/00/00,0:00:00,OTTUMWA
WP,D,OXN,34.19883347,-119.1748657,00/00/00,0:00:00,OXNARD
WP,D,PAK,29.64930916,-81.64054108,00/00/00,0:00:00,PALATKA
WP,D,PDC,33.72297287,-116.3902512,00/00/00,0:00:00,PALM DESERT
WP,D,PSP,33.8266983,-116.5449142,00/00/00,0:00:00,PALM SPRINGS
WP,D,PSN,33.89594269,-116.5450134,00/00/00,0:00:00,PALM SPRINGS - NORTH
WP,D,PMD,34.57914352,-118.1278992,00/00/00,0:00:00,PALMDALE
WP,D,PAO,40.04228592,-75.48374939,00/00/00,0:00:00,PAOLI
WP,D,PAR,39.95918274,-75.92177582,00/00/00,0:00:00,PARKESBURG
WP,D,PAS,34.14332962,-118.1404266,00/00/00,0:00:00,PASADENA
WP,D,PAG,30.36717415,-88.55857086,00/00/00,0:00:00,PASCAGOULA
WP,D,PSC,46.2335968,-119.0842438,00/00/00,0:00:00,PASCO
WP,D,PRB,35.6229248,-120.6869354,00/00/00,0:00:00,PASO ROBLES
WP,D,PVL,34.74146652,-97.21900177,00/00/00,0:00:00,PAULS VALLEY
WP,D,PST,45.55064011,-84.78458405,00/00/00,0:00:00,PELLSTON
WP,D,PBT,50.33153152,-122.7899628,00/00/00,0:00:00,PEMBERTON
WP,D,PEN,45.67185211,-118.789505,00/00/00,0:00:00,PENDLETON
WP,D,PNS,30.41793251,-87.20449066,00/00/00,0:00:00,PENSACOLA
WP,D,PIA,40.67008209,-89.68823242,00/00/00,0:00:00,PEORIA AIRPORT
WP,D,PRI,33.79139328,-117.2166367,00/00/00,0:00:00,PERRIS
WP,D,PSW,47.55755615,-120.5883026,00/00/00,0:00:00,PESHASTIN
WP,D,PTC,38.24300766,-122.6304855,00/00/00,0:00:00,PETALUMA
WP,D,PTB,37.24161911,-77.42897034,00/00/00,0:00:00,PETERSBURG
WP,D,PSK,45.373909,-84.96370697,00/00/00,0:00:00,PETOSKY
WP,D,PHL,39.95460892,-75.18318939,00/00/00,0:00:00,PHILADELPHIA
WP,D,PHX,33.44454193,-112.0782928,00/00/00,0:00:00,PHOENIX
WP,D,PHA,33.43753052,-112.0090485,00/00/00,0:00:00,PHOENIX AIRPORT
WP,D,PXN,33.55594254,-112.1112747,00/00/00,0:00:00,PHOENIX NORTHWEST
WP,D,PIC,30.52471161,-89.68013763,00/00/00,0:00:00,PICAYUNE
WP,D,STP,27.83963966,-82.68467712,00/00/00,0:00:00,PINELLAS PARK
WP,D,PSB,35.13541794,-120.6209183,00/00/00,0:00:00,PISMO BEACH
WP,D,PGH,40.44504166,-79.99325562,00/00/00,0:00:00,PITTSBURGH
WP,D,PIT,42.45040131,-73.25604248,00/00/00,0:00:00,PITTSFIELD
WP,D,PCV,38.72783279,-120.80159,00/00/00,0:00:00,PLACERVILLE
WP,D,PLO,41.66215515,-88.53742218,00/00/00,0:00:00,PLANO
WP,D,PLB,44.69699097,-73.44745636,00/00/00,0:00:00,PLATTSBURGH
WP,D,POC,42.85468292,-112.4366837,00/00/00,0:00:00,POCATELLO
WP,D,POS,34.05939484,-117.7506332,00/00/00,0:00:00,POMONA
WP,D,PON,40.87944031,-88.6364975,00/00/00,0:00:00,PONTIAC
WP,D,PNT,42.635849,-83.29416656,00/00/00,0:00:00,PONTIAC
WP,D,PBF,36.75398636,-90.39343262,00/00/00,0:00:00,POPLAR BLUFF
WP,D,PCH,27.01243019,-82.05265808,00/00/00,0:00:00,PORT CHARLOTTE
WP,D,POH,44.0330658,-73.46192932,00/00/00,0:00:00,PORT HENRY
WP,D,PTH,42.96078873,-82.44181061,00/00/00,0:00:00,PORT HURON
WP,D,PRK,44.57804108,-73.4442749,00/00/00,0:00:00,PORT KENT
WP,D,POG,43.54661179,-89.4691391,00/00/00,0:00:00,PORTAGE
WP,D,POT,36.06822586,-119.018631,00/00/00,0:00:00,PORTERVILLE
WP,D,POR,43.6354866,-70.29492188,00/00/00,0:00:00,PORTLAND
WP,D,PDX,45.52868271,-122.6750259,00/00/00,0:00:00,PORTLAND
WP,D,POU,41.70567322,-73.93901062,00/00/00,0:00:00,POUGHKEEPSIE
WP,D,PMM,35.61102295,-115.3907089,00/00/00,0:00:00,PRIMM
WP,D,PRC,37.85870743,-81.05422211,00/00/00,0:00:00,PRINCE
WP,D,PCT,41.38690567,-89.46167755,00/00/00,0:00:00,PRINCETON
WP,D,PJC,40.31721878,-74.62322998,00/00/00,0:00:00,PRINCETON JUNCTION
WP,D,PRN,44.30592346,-120.8356094,00/00/00,0:00:00,PRINEVILLE
WP,D,PVD,41.82563019,-71.41599274,00/00/00,0:00:00,PROVIDENCE
WP,D,PRO,40.22586823,-111.6627197,00/00/00,0:00:00,PROVO
WP,D,PUB,38.307827,-104.6150589,00/00/00,0:00:00,PUEBLO
WP,D,PUL,46.73876953,-117.1737442,00/00/00,0:00:00,PULLMAN
WP,D,PUR,35.01197433,-97.3563385,00/00/00,0:00:00,PURCELL
WP,D,QAN,38.5220108,-77.29304504,00/00/00,0:00:00,QUANTICO
WP,D,QCY,39.95744324,-91.36634827,00/00/00,0:00:00,QUINCY
WP,D,QUC,47.23968887,-119.8501816,00/00/00,0:00:00,QUINCY
WP,D,RGH,35.77375031,-78.64448547,00/00/00,0:00:00,RALEIGH
WP,D,RCD,38.58846664,-121.3033981,00/00/00,0:00:00,RANCHO CORDOVA
WP,D,RPH,43.92285538,-72.66584778,00/00/00,0:00:00,RANDOLPH
WP,D,RTL,40.31200027,-88.15901947,00/00/00,0:00:00,RANTOUL
WP,D,RRM,45.92669678,-86.97434998,00/00/00,0:00:00,RAPID RIVER
WP,D,RAT,36.90074921,-104.4375229,00/00/00,0:00:00,RATON
WP,D,RWL,41.78675079,-107.2382278,00/00/00,0:00:00,RAWLINS
WP,D,RBF,40.18600845,-122.210968,00/00/00,0:00:00,RED BLUFF
WP,D,RDW,44.56454086,-92.5418396,00/00/00,0:00:00,RED WING
WP,D,RDD,40.58283234,-122.391922,00/00/00,0:00:00,REDDING
WP,D,RED,44.24794006,-121.1857986,00/00/00,0:00:00,REDMOND
WP,D,REE,43.87459946,-85.5100708,00/00/00,0:00:00,REED CITY
WP,D,PRT,43.69923019,-124.1093292,00/00/00,0:00:00,REEDSPORT
WP,D,RNO,39.52864075,-119.8112335,00/00/00,0:00:00,RENO
WP,D,REN,40.94303894,-87.15447998,00/00/00,0:00:00,RENSSELAER
WP,D,RHI,41.92089081,-73.95207214,00/00/00,0:00:00,RHINECLIFF-KINGSTON
WP,D,RHD,46.2857132,-119.2729721,00/00/00,0:00:00,RICHLAND
WP,D,RBC,49.17333221,-123.1404037,00/00/00,0:00:00,RICHMOND
WP,D,RIC,37.93608475,-122.3530502,00/00/00,0:00:00,RICHMOND
WP,D,RVR,37.61425018,-77.49658203,00/00/00,0:00:00,RICHMOND
WP,D,RDS,40.48457718,-124.0999603,00/00/00,0:00:00,RIO DELL-SCOTIA
WP,D,RVB,37.72911835,-120.9367371,00/00/00,0:00:00,RIVERBANK
WP,D,RIV,33.97652054,-117.3696213,00/00/00,0:00:00,RIVERSIDE
WP,D,RNK,37.30771255,-79.9803009,00/00/00,0:00:00,ROANOKE - SHERATON INN
WP,D,ROC,43.16260529,-77.60952759,00/00/00,0:00:00,ROCHESTER
WP,D,RSG,41.58706284,-109.2191162,00/00/00,0:00:00,ROCK SPRINGS
WP,D,RCK,42.26813889,-88.97989655,00/00/00,0:00:00,ROCKFORD
WP,D,RKF,43.11909485,-85.55965424,00/00/00,0:00:00,ROCKFORD
WP,D,RLN,38.79154587,-121.2362747,00/00/00,0:00:00,ROCKLIN
WP,D,RKV,39.08544922,-77.14696503,00/00/00,0:00:00,ROCKVILLE
WP,D,RMT,35.93815231,-77.79789734,00/00/00,0:00:00,ROCKY MOUNT
WP,D,RPC,38.34769821,-122.7155838,00/00/00,0:00:00,ROHNERT PARK
WP,D,ROM,43.19922638,-75.4514389,00/00/00,0:00:00,ROME
WP,D,RSM,34.85949326,-118.1666794,00/00/00,0:00:00,ROSAMOND
WP,D,RBG,43.20726013,-123.3463821,00/00/00,0:00:00,ROSEBURG
WP,D,RSV,38.75056458,-121.284462,00/00/00,0:00:00,ROSEVILLE
WP,D,RSP,44.99480057,-73.37109375,00/00/00,0:00:00,ROUSES POINT
WP,D,RTE,42.2078743,-71.14994049,00/00/00,0:00:00,ROUTE 128
WP,D,ROY,42.48904419,-83.14784241,00/00/00,0:00:00,ROYAL OAK
WP,D,RUG,48.36928558,-99.99762726,00/00/00,0:00:00,RUGBY
WP,D,RUD,43.60725784,-72.9822464,00/00/00,0:00:00,RUTLAND
WP,D,SAC,38.58403015,-121.4995499,00/00/00,0:00:00,SACRAMENTO
WP,D,SLM,44.93217087,-123.0262375,00/00/00,0:00:00,SALEM
WP,D,SNS,36.67936325,-121.656189,00/00/00,0:00:00,SALINAS
WP,D,SAL,35.67341995,-80.45742035,00/00/00,0:00:00,SALISBURY
WP,D,SLC,40.7620163,-111.9023819,00/00/00,0:00:00,SALT LAKE CITY
WP,D,SAS,29.41910362,-98.47813416,00/00/00,0:00:00,SAN ANTONIO
WP,D,SNB,34.10436249,-117.3069305,00/00/00,0:00:00,SAN BERNADINO
WP,D,SNT,33.43287659,-117.632309,00/00/00,0:00:00,SAN CLEMENTE
WP,D,SNP,33.41915894,-117.6190109,00/00/00,0:00:00,SAN CLEMENTE PIER
WP,D,SAN,32.71616364,-117.1685638,00/00/00,0:00:00,SAN DIEGO
WP,D,SFC,37.79525375,-122.3931885,00/00/00,0:00:00,SAN FRANCISCO
WP,D,SFP,37.77701569,-122.3937225,00/00/00,0:00:00,SAN FRANCISCO - CALTRANS
WP,D,SFW,37.80859375,-122.4089203,00/00/00,0:00:00,SAN FRANCISCO FISHERMANS
WP,D,SFO,37.61839676,-122.3821945,00/00/00,0:00:00,SAN FRANCISCO INT'L AIRPO
WP,D,SFS,37.78475952,-122.4063187,00/00/00,0:00:00,SAN FRANCISCO SHOPPING
WP,D,SFF,37.79390717,-122.3951874,00/00/00,0:00:00,SAN FRANCISCO-FINANCIAL
WP,D,SJC,37.33106995,-121.901207,00/00/00,0:00:00,SAN JOSE
WP,D,SNC,33.50148392,-117.6632614,00/00/00,0:00:00,SAN JUAN CAPISTRANO
WP,D,SLO,35.27741623,-120.6539459,00/00/00,0:00:00,SAN LUIS OBISPO
WP,D,SLP,35.29257965,-120.6518478,00/00/00,0:00:00,SAN LUIS OBISPO-CAL POLY
WP,D,SMC,29.87923241,-97.93567657,00/00/00,0:00:00,SAN MARCOS
WP,D,SPD,33.7484169,-118.2766037,00/00/00,0:00:00,SAN PEDRO
WP,D,SND,30.14009857,-102.3990555,00/00/00,0:00:00,SANDERSON
WP,D,SPT,48.25175858,-116.608223,00/00/00,0:00:00,SANDPOINT
WP,D,SKY,41.44012451,-82.71189117,00/00/00,0:00:00,SANDUSKY
WP,D,SDW,41.75964355,-70.49331665,00/00/00,0:00:00,SANDWICH
WP,D,SFD,28.80577278,-81.2885437,00/00/00,0:00:00,SANFORD
WP,D,SFA,28.80759239,-81.28858185,00/00/00,0:00:00,SANFORD (AUTO-TRAIN)
WP,D,SNA,33.7531662,-117.8550415,00/00/00,0:00:00,SANTA ANA
WP,D,SBA,34.41392517,-119.6907196,00/00/00,0:00:00,SANTA BARBARA
WP,D,GAC,37.37850952,-121.9464111,00/00/00,0:00:00,SANTA CLARA-GREAT AMERICA
WP,D,SGC,34.35953522,-118.5555191,00/00/00,0:00:00,SANTA CLARITA
WP,D,SCZ,36.97050095,-122.023941,00/00/00,0:00:00,SANTA CRUZ
WP,D,SAF,35.68589783,-105.9250183,00/00/00,0:00:00,SANTA FE
WP,D,SAT,34.95112991,-120.4152527,00/00/00,0:00:00,SANTA MARIA
WP,D,SNM,34.02079773,-118.4954147,00/00/00,0:00:00,SANTA MONICA
WP,D,SAP,34.34771347,-119.0694427,00/00/00,0:00:00,SANTA PAULA
WP,D,SRC,38.43672562,-122.7171936,00/00/00,0:00:00,SANTA ROSA
WP,D,SRA,27.2701416,-82.44699097,00/00/00,0:00:00,SARASOTA
WP,D,SAR,43.08211517,-73.81015778,00/00/00,0:00:00,SARATOGA SPRINGS
WP,D,SIA,42.97307968,-82.4001236,00/00/00,0:00:00,SARNIA
WP,D,SAV,32.07850647,-81.14415741,00/00/00,0:00:00,SAVANNAH
WP,D,SDY,42.81526566,-73.94282532,00/00/00,0:00:00,SCHENECTADY
WP,D,SCH,29.74690819,-90.81265259,00/00/00,0:00:00,SCHRIEVER
WP,D,SES,36.61719894,-121.8472214,00/00/00,0:00:00,SEASIDE
WP,D,SEA,47.59891129,-122.3284302,00/00/00,0:00:00,SEATTLE
WP,D,SBG,27.49725723,-81.43474579,00/00/00,0:00:00,SEBRING
WP,D,SED,38.7118721,-93.2283783,00/00/00,0:00:00,SEDALIA
WP,D,SDX,34.87650681,-111.7532654,00/00/00,0:00:00,SEDONA
WP,D,SSM,35.53220367,-78.28144073,00/00/00,0:00:00,SELMA-SMITHFIELD
WP,D,SBY,48.50531387,-111.8532257,00/00/00,0:00:00,SHELBY
WP,D,SHO,42.93659592,-114.407547,00/00/00,0:00:00,SHOSHONE
WP,D,SHR,32.5123024,-93.74230957,00/00/00,0:00:00,SHREVEPORT
WP,D,SVR,39.63414001,-106.0719376,00/00/00,0:00:00,SILVERTHORNE
WP,D,SIM,34.26994705,-118.693718,00/00/00,0:00:00,SIMI VALLEY
WP,D,SKW,47.71152496,-121.3592834,00/00/00,0:00:00,SKYKOMISH
WP,D,SDL,30.27823257,-89.78243256,00/00/00,0:00:00,SLIDELL
WP,D,SRO,34.04412079,-106.8907928,00/00/00,0:00:00,SOCORRO
WP,D,SOD,39.32358932,-120.3707886,00/00/00,0:00:00,SODA SPRINGS
WP,D,SOL,32.99205399,-117.2700729,00/00/00,0:00:00,SOLANA BEACH
WP,D,SDD,36.42342377,-121.323204,00/00/00,0:00:00,SOLEDAD
WP,D,SLV,34.59594727,-120.1373062,00/00/00,0:00:00,SOLVANG
WP,D,SOB,41.67900848,-86.28914642,00/00/00,0:00:00,SOUTH BEND
WP,D,SHS,29.65379524,-95.24810028,00/00/00,0:00:00,SOUTH HOUSTON
WP,D,SLT,38.91470718,-120.0022202,00/00/00,0:00:00,SOUTH LAKE TAHOE
WP,D,SMD,43.04800034,-89.31249237,00/00/00,0:00:00,SOUTH MADISON
WP,D,SPM,38.72091293,-82.9642868,00/00/00,0:00:00,SOUTH PORTSMOUTH
WP,D,SOP,35.17409897,-79.39189911,00/00/00,0:00:00,SOUTHERN PINES
WP,D,SPX,39.53364944,-119.7554169,00/00/00,0:00:00,SPARKS
WP,D,SPB,34.95376968,-81.93573761,00/00/00,0:00:00,SPARTANBURG
WP,D,SPK,47.65698624,-117.413063,00/00/00,0:00:00,SPOKANE
WP,D,SPH,28.47757912,-82.61166382,00/00/00,0:00:00,SPRING HILL
WP,D,SPI,39.80158615,-89.65167236,00/00/00,0:00:00,SPRINGFIELD
WP,D,SPG,42.10596085,-72.59358978,00/00/00,0:00:00,SPRINGFIELD
WP,D,SQA,49.74836349,-123.1285019,00/00/00,0:00:00,SQUAMISH
WP,D,SAB,44.81095123,-73.08641052,00/00/00,0:00:00,ST. ALBANS
WP,D,SCA,43.15655518,-79.23625946,00/00/00,0:00:00,ST. CATHARINES
WP,D,SCD,45.56689072,-94.147789,00/00/00,0:00:00,ST. CLOUD
WP,D,SHL,38.49926758,-122.4611435,00/00/00,0:00:00,ST. HELENA
WP,D,STI,45.8699646,-84.73040771,00/00/00,0:00:00,ST. IGNACE
WP,D,SJO,39.77684021,-94.79226685,00/00/00,0:00:00,ST. JOSEPH
WP,D,SJM,42.10661697,-86.48674774,00/00/00,0:00:00,ST. JOSEPH/BENTON HARBOR
WP,D,SLQ,45.50278091,-73.48794556,00/00/00,0:00:00,ST. LAMBERT
WP,D,STL,38.624275,-90.203461,00/00/00,0:00:00,ST. LOUIS
WP,D,SMA,43.27011108,-81.13570404,00/00/00,0:00:00,ST. MARYS
WP,D,MSP,44.96332932,-93.18632507,00/00/00,0:00:00,ST. PAUL/MINNEAPOLIS
WP,D,STM,41.04618073,-73.54267883,00/00/00,0:00:00,STAMFORD
WP,D,STN,48.31936264,-102.3907776,00/00/00,0:00:00,STANLEY
WP,D,SPL,46.35458755,-94.79511261,00/00/00,0:00:00,STAPLES
WP,D,SLH,38.95949554,-119.9411621,00/00/00,0:00:00,STATELINE
WP,D,SLN,38.95949554,-119.9411621,00/00/00,0:00:00,STATELINE
WP,D,STA,38.14778137,-79.07272339,00/00/00,0:00:00,STAUNTON
WP,D,SSW,47.71377182,-121.1443787,00/00/00,0:00:00,STEVENS PASS
WP,D,SKN,37.94601059,-121.2842712,00/00/00,0:00:00,STOCKTON
WP,D,STF,43.37099838,-80.98445129,00/00/00,0:00:00,STRATFORD
WP,D,SRY,42.95874405,-81.61814117,00/00/00,0:00:00,STRATHROY
WP,D,STR,41.12225342,-88.82460785,00/00/00,0:00:00,STREATOR
WP,D,SVT,42.69967651,-87.905159,00/00/00,0:00:00,STURTEVANT
WP,D,SUI,38.24346542,-122.0395432,00/00/00,0:00:00,SUISUN-FAIRFIELD
WP,D,SMT,41.79216385,-87.81317902,00/00/00,0:00:00,SUMMIT
WP,D,SDE,46.30915833,-119.9776382,00/00/00,0:00:00,SUNNYSIDE
WP,D,SUN,43.85625458,-121.4631577,00/00/00,0:00:00,SUNRIVER
WP,D,SUY,49.15550613,-122.8464508,00/00/00,0:00:00,SURREY
WP,D,SYR,43.07719,-76.16983,00/00/00,0:00:00,SYRACUSE
WP,D,TAC,47.24182892,-122.4184723,00/00/00,0:00:00,TACOMA
WP,D,TLH,30.43301582,-84.28953552,00/00/00,0:00:00,TALLAHASSEE
WP,D,TPA,27.95226479,-82.45091248,00/00/00,0:00:00,TAMPA
WP,D,TPS,28.13079834,-82.74001312,00/00/00,0:00:00,TARPON SPRINGS
WP,D,TAU,41.90196609,-71.10173035,00/00/00,0:00:00,TAUNTON
WP,D,TAY,30.56743622,-97.40879822,00/00/00,0:00:00,TAYLOR
WP,D,TEH,35.13273239,-118.4523087,00/00/00,0:00:00,TEHACHAPI
WP,D,TEM,33.42736435,-111.9421539,00/00/00,0:00:00,TEMPE
WP,D,TPL,31.09537888,-97.34480286,00/00/00,0:00:00,TEMPLE
WP,D,TXA,33.42007446,-94.04244232,00/00/00,0:00:00,TEXARKANA
WP,D,THD,45.60080719,-121.1796646,00/00/00,0:00:00,THE DALLES
WP,D,WBP,37.34368896,-76.75569916,00/00/00,0:00:00,THE POTTERY FACTORY
WP,D,TOS,38.97175217,-109.7201309,00/00/00,0:00:00,THOMPSON
WP,D,THO,34.18751144,-118.9099274,00/00/00,0:00:00,THOUSAND OAKS
WP,D,THN,37.95666504,-81.07805634,00/00/00,0:00:00,THURMOND
WP,D,FTC,43.85299301,-73.39064026,00/00/00,0:00:00,TICONDEROGA
WP,D,TGR,44.73855972,-89.05341339,00/00/00,0:00:00,TIGERTON
WP,D,TCA,34.57853317,-83.33136749,00/00/00,0:00:00,TOCCOA
WP,D,TOL,41.63818359,-83.5412674,00/00/00,0:00:00,TOLEDO
WP,D,TDO,44.64654922,-123.919014,00/00/00,0:00:00,TOLEDO
WP,D,TOH,43.9857254,-90.50416565,00/00/00,0:00:00,TOMAH
WP,D,TOP,39.05134583,-95.6648941,00/00/00,0:00:00,TOPEKA
WP,D,TWO,43.64655685,-79.42417908,00/00/00,0:00:00,TORONTO
WP,D,TOA,33.83116913,-118.3515854,00/00/00,0:00:00,TORRANCE
WP,D,TRA,37.76174927,-121.4346313,00/00/00,0:00:00,TRACY
WP,D,TRV,44.73454666,-85.62482452,00/00/00,0:00:00,TRAVERSE CITY
WP,D,TIF,27.76935577,-82.76888275,00/00/00,0:00:00,TREASURE ISLAND
WP,D,TRE,40.21825027,-74.75456238,00/00/00,0:00:00,TRENTON
WP,D,TRI,37.17280197,-104.5072708,00/00/00,0:00:00,TRINIDAD
WP,D,TRU,39.32791519,-120.1825714,00/00/00,0:00:00,TRUCKEE
WP,D,TOC,33.13299179,-107.2416992,00/00/00,0:00:00,TRUTH OR CONSEQUENCES
WP,D,TUS,32.22306061,-110.9659348,00/00/00,0:00:00,TUCSON
WP,D,TLS,36.15398026,-95.98683167,00/00/00,0:00:00,TULSA
WP,D,TRK,37.53031158,-120.7987976,00/00/00,0:00:00,TURLOCK-DENAIR
WP,D,TCL,33.19225693,-87.56015015,00/00/00,0:00:00,TUSCALOOSA
WP,D,TYR,40.67032242,-78.24105072,00/00/00,0:00:00,TYRONE
WP,D,UKH,39.15153122,-123.1957016,00/00/00,0:00:00,UKIAH
WP,D,UCA,43.10407257,-75.22393799,00/00/00,0:00:00,UTICA
WP,D,VAI,39.64267731,-106.3442993,00/00/00,0:00:00,VAIL
WP,D,VAE,43.98191833,-117.2468796,00/00/00,0:00:00,VALE
WP,D,VMW,38.13432693,-122.2279434,00/00/00,0:00:00,VALLEJO-MARINE WORLD
WP,D,VNC,34.21097946,-118.4479218,00/00/00,0:00:00,VAN NUYS
WP,D,VNF,34.20846939,-118.4828339,00/00/00,0:00:00,VAN NUYS/FLYAWAY
WP,D,VAC,49.22974777,-123.0173492,00/00/00,0:00:00,VANCOUVER
WP,D,VAN,45.6298027,-122.6847229,00/00/00,0:00:00,VANCOUVER
WP,D,VEN,27.10878181,-82.38532257,00/00/00,0:00:00,VENICE
WP,D,VEC,34.27675247,-119.2965775,00/00/00,0:00:00,VENTURA
WP,D,VRN,44.17135239,-73.23920441,00/00/00,0:00:00,VERGENNES
WP,D,VBC,48.44410706,-123.3728027,00/00/00,0:00:00,VICTORIA
WP,D,VRV,34.53662872,-117.2921295,00/00/00,0:00:00,VICTORVILLE
WP,D,VAB,36.84703064,-75.97650909,00/00/00,0:00:00,VIRGINIA BEACH
WP,D,VIS,36.32727432,-119.27771,00/00/00,0:00:00,VISALIA
WP,D,WDO,29.79017067,-82.16741943,00/00/00,0:00:00,WALDO
WP,D,WCE,34.74227142,-77.99614716,00/00/00,0:00:00,WALLACE
WP,D,WFD,41.4570694,-72.82535553,00/00/00,0:00:00,WALLINGFORD
WP,D,WNK,45.27373123,-84.92808533,00/00/00,0:00:00,WALLOON LAKE
WP,D,WNR,36.06831741,-90.9561615,00/00/00,0:00:00,WALNUT RIDGE
WP,D,WWR,42.53487778,-88.59544373,00/00/00,0:00:00,WALWORTH
WP,D,WRE,41.75841522,-70.71543884,00/00/00,0:00:00,WAREHAM
WP,D,WAR,38.76317215,-93.74045563,00/00/00,0:00:00,WARRENSBURG
WP,D,WON,38.68473816,-77.7891922,00/00/00,0:00:00,WARRENTON
WP,D,WAC,35.59427261,-119.3313522,00/00/00,0:00:00,WASCO
WP,D,WAS,38.89730453,-77.00637054,00/00/00,0:00:00,WASHINGTON
WP,D,WAH,38.56137466,-91.01222229,00/00/00,0:00:00,WASHINGTON
WP,D,WAB,44.33507156,-72.75247192,00/00/00,0:00:00,WATERBURY-STOWE
WP,D,WTI,41.43170547,-85.02519226,00/00/00,0:00:00,WATERLOO
WP,D,WTV,36.91064072,-121.7590561,00/00/00,0:00:00,WATSONVILLE
WP,D,WSU,44.9634819,-89.65514374,00/00/00,0:00:00,WAUSAU
WP,D,WEN,47.42162323,-120.3058395,00/00/00,0:00:00,WENATCHEE
WP,D,WBR,41.70692444,-70.37343597,00/00/00,0:00:00,WEST BARNSTABLE
WP,D,WGL,48.49873352,-113.9716415,00/00/00,0:00:00,WEST GLACIER
WP,D,WLA,34.02656174,-118.3666153,00/00/00,0:00:00,WEST L.A.
WP,D,WPB,26.71234131,-80.06246185,00/00/00,0:00:00,WEST PALM BEACH
WP,D,WCY,39.92591476,-91.43980408,00/00/00,0:00:00,WEST QUINCY
WP,D,WRC,46.29827118,-119.3400803,00/00/00,0:00:00,WEST RICHLAND
WP,D,WLY,41.38101578,-71.83068848,00/00/00,0:00:00,WESTERLY
WP,D,WSP,44.18709564,-73.45289612,00/00/00,0:00:00,WESTPORT
WP,D,WHE,40.06699371,-80.72148895,00/00/00,0:00:00,WHEELING
WP,D,WSL,50.16410828,-122.9128418,00/00/00,0:00:00,WHISTLER
WP,D,WRJ,43.64855576,-72.31795502,00/00/00,0:00:00,WHITE RIVER JUNCTION
WP,D,WSS,37.78541946,-80.30580902,00/00/00,0:00:00,WHITE SULPHUR SPRINGS
WP,D,WFH,48.4135704,-114.3351593,00/00/00,0:00:00,WHITEFISH
WP,D,WHL,43.55496597,-73.40310669,00/00/00,0:00:00,WHITEHALL
WP,D,WHI,40.01460266,-75.63851929,00/00/00,0:00:00,WHITFORD
WP,D,WHR,33.95303345,-118.0288391,00/00/00,0:00:00,WHITTIER
WP,D,WWD,28.86603737,-82.0395813,00/00/00,0:00:00,WILDWOOD
WP,D,WMA,35.24914932,-112.1914597,00/00/00,0:00:00,WILLIAMS
WP,D,WMJ,35.25239182,-112.1886673,00/00/00,0:00:00,WILLIAMS JCT.
WP,D,WBG,37.27572632,-76.70805359,00/00/00,0:00:00,WILLIAMSBURG
WP,D,WIM,41.71258926,-72.21961975,00/00/00,0:00:00,WILLIMANTIC
WP,D,WTN,48.14276505,-103.6203766,00/00/00,0:00:00,WILLISTON
WP,D,WTS,39.41219711,-123.3498077,00/00/00,0:00:00,WILLITS
WP,D,WIL,39.73691559,-75.55217743,00/00/00,0:00:00,WILMINGTON
WP,D,WMN,34.24634933,-77.9491272,00/00/00,0:00:00,WILMINGTON
WP,D,WLN,35.72306824,-77.90829468,00/00/00,0:00:00,WILSON
WP,D,WNH,42.3005867,-74.25737,00/00/00,0:00:00,WINDHAM
WP,D,WND,41.85191727,-72.64376068,00/00/00,0:00:00,WINDSOR
WP,D,WDS,42.31492996,-82.9313736,00/00/00,0:00:00,WINDSOR
WP,D,WNL,41.92724609,-72.62856293,00/00/00,0:00:00,WINDSOR LOCKS
WP,D,WNM,43.48044205,-72.38545227,00/00/00,0:00:00,WINDSOR-MOUNT ASCUTNEY
WP,D,WNN,40.96954346,-117.7315674,00/00/00,0:00:00,WINNEMUCCA
WP,D,WIN,44.04493713,-91.64174652,00/00/00,0:00:00,WINONA
WP,D,WNA,33.48286057,-89.72742462,00/00/00,0:00:00,WINONA
WP,D,WLO,35.02090836,-110.6930847,00/00/00,0:00:00,WINSLOW
WP,D,WNS,36.09293365,-80.24620819,00/00/00,0:00:00,WINSTON-SALEM
WP,D,WTH,28.00225067,-81.73426056,00/00/00,0:00:00,WINTER HAVEN
WP,D,WPK,28.59713173,-81.35198212,00/00/00,0:00:00,WINTER PARK
WP,D,WDL,43.62478638,-89.77507782,00/00/00,0:00:00,WISCONSIN DELLS
WP,D,WIH,45.65731049,-120.9663162,00/00/00,0:00:00,WISHRAM
WP,D,WIT,44.82705307,-89.16915131,00/00/00,0:00:00,WITTENBERG
WP,D,WPT,48.09078217,-105.640358,00/00/00,0:00:00,WOLF POINT
WP,D,WDB,38.657444,-77.24827576,00/00/00,0:00:00,WOODBRIDGE
WP,D,WOL,38.67508698,-121.7650299,00/00/00,0:00:00,WOODLAND
WP,D,WOR,42.26137924,-71.79332733,00/00/00,0:00:00,WORCESTER
WP,D,YKM,46.60573578,-120.4816818,00/00/00,0:00:00,YAKIMA
WP,D,YAZ,32.8480835,-90.41503906,00/00/00,0:00:00,YAZOO CITY
WP,D,YEM,32.68814468,-80.84714508,00/00/00,0:00:00,YEMASSEE
WP,D,YNY,40.93609619,-73.90288544,00/00/00,0:00:00,YONKERS
WP,D,YOS,37.74200439,-119.5829391,00/00/00,0:00:00,YOSEMITE NAT. PARK
WP,D,YTO,41.10209656,-80.65731049,00/00/00,0:00:00,YOUNGSTOWN
WP,D,YUM,32.72202301,-114.6151352,00/00/00,0:00:00,YUMA
WP,D,ZNV,39.95030212,-82.00681305,00/00/00,0:00:00,ZANESVILLE
