orig_code,orig_name,orig_city,OriginState,orig_lat,orig_lon,dest_code,dest_name,dest_city,DestState,dest_lat,dest_lon,AirlineDelay_med,AirlineDelay_10frac,AirlineDelay_20frac,AirlineDelay_30frac,AirlineDelay_mean,Distance_mean,AirTime_mean,ActualElapsedTime_mean,Flight_Count
ABQ,Albuquerque International Sunport Airport,Albuquerque,NM,35.040199279785156,-106.60900115966797,LAX,Los Angeles International Airport,Los Angeles,CA,33.94250107,-118.4079971,17.0,0.126436781609,0.0919540229885,0.0766283524904,31.0,677.0,95.4787644788,121.146718147,261
ABQ,Albuquerque International Sunport Airport,Albuquerque,NM,35.040199279785156,-106.60900115966797,SAN,San Diego International Airport,San Diego,CA,32.7336006165,-117.190002441,29.0,0.152542372881,0.124293785311,0.0790960451977,55.3548387097,628.0,88.0114285714,101.302857143,177
ACV,Arcata Airport,Arcata CA,CA,40.97809982299805,-124.10900115966797,SFO,San Francisco International Airport,San Francisco,CA,37.61899948120117,-122.375,32.0,0.155313351499,0.128065395095,0.108991825613,52.3287671233,250.0,47.8108882521,65.1203438395,367
ASE,Aspen-Pitkin Co/Sardy Field,Aspen,CO,39.22320175,-106.8690033,LAX,Los Angeles International Airport,Los Angeles,CA,33.94250107,-118.4079971,9.0,0.0898876404494,0.0842696629213,0.061797752809,34.7272727273,737.0,103.028089888,130.685393258,178
BFL,Meadows Field,Bakersfield,CA,35.43360138,-119.0569992,PHX,Phoenix Sky Harbor International Airport,Phoenix,AZ,33.43429946899414,-112.01200103759766,35.0,0.0662824207493,0.0576368876081,0.0432276657061,82.9615384615,425.0,71.4825581395,94.5988372093,347
BFL,Meadows Field,Bakersfield,CA,35.43360138,-119.0569992,SFO,San Francisco International Airport,San Francisco,CA,37.61899948120117,-122.375,43.0,0.135294117647,0.111764705882,0.0882352941176,64.1111111111,238.0,43.7117647059,68.4705882353,170
BOI,Boise Air Terminal/Gowen field,Boise,ID,43.56439972,-116.2229996,LAX,Los Angeles International Airport,Los Angeles,CA,33.94250107,-118.4079971,37.5,0.0874316939891,0.0819672131148,0.0765027322404,65.4583333333,674.0,105.637362637,135.824175824,183
BOI,Boise Air Terminal/Gowen field,Boise,ID,43.56439972,-116.2229996,OAK,Metropolitan Oakland International Airport,Oakland,CA,37.72129821777344,-122.22100067138672,33.0,0.160220994475,0.127071823204,0.0883977900552,54.6333333333,512.0,80.374301676,95.9944134078,181
BOI,Boise Air Terminal/Gowen field,Boise,ID,43.56439972,-116.2229996,SAN,San Diego International Airport,San Diego,CA,32.7336006165,-117.190002441,29.5,0.0978260869565,0.0760869565217,0.0652173913043,30.1666666667,749.0,116.47826087,133.565217391,92
BOI,Boise Air Terminal/Gowen field,Boise,ID,43.56439972,-116.2229996,SFO,San Francisco International Airport,San Francisco,CA,37.61899948120117,-122.375,7.0,0.118918918919,0.0918918918919,0.0702702702703,30.0430107527,522.0,87.6802168022,109.479674797,370
BOI,Boise Air Terminal/Gowen field,Boise,ID,43.56439972,-116.2229996,SMF,Sacramento International Airport,Sacramento,CA,38.69540023803711,-121.59100341796875,43.0,0.0632911392405,0.0632911392405,0.0632911392405,53.6,437.0,65.7848101266,79.4683544304,79
BUR,Bob Hope Airport,Burbank,CA,34.20069885253906,-118.35900115966797,LAS,McCarran International Airport,Las Vegas,NV,36.08010101,-115.1520004,21.0,0.145308924485,0.0949656750572,0.0720823798627,40.0621118012,223.0,42.0198598131,60.1425233645,874
BUR,Bob Hope Airport,Burbank,CA,34.20069885253906,-118.35900115966797,OAK,Metropolitan Oakland International Airport,Oakland,CA,37.72129821777344,-122.22100067138672,28.0,0.11862745098,0.0803921568627,0.0549019607843,46.0081300813,325.0,49.9701789264,66.7813121272,1020
BUR,Bob Hope Airport,Burbank,CA,34.20069885253906,-118.35900115966797,PHX,Phoenix Sky Harbor International Airport,Phoenix,AZ,33.43429946899414,-112.01200103759766,32.0,0.139489194499,0.106090373281,0.0864440078585,48.0361445783,369.0,60.4372469636,77.6497975709,509
BUR,Bob Hope Airport,Burbank,CA,34.20069885253906,-118.35900115966797,SFO,San Francisco International Airport,San Francisco,CA,37.61899948120117,-122.375,10.0,0.133084577114,0.116915422886,0.0970149253731,38.0140186916,326.0,54.7641154329,77.747804266,804
BUR,Bob Hope Airport,Burbank,CA,34.20069885253906,-118.35900115966797,SJC,Norman Y. Mineta San Jose International Airport,San Jose,CA,37.36259841918945,-121.92900085449219,31.0,0.163511187608,0.125645438898,0.0912220309811,49.2427184466,296.0,47.1405975395,62.3497363796,581
BUR,Bob Hope Airport,Burbank,CA,34.20069885253906,-118.35900115966797,SLC,Salt Lake City International Airport,Salt Lake City,UT,40.78839874267578,-111.97799682617188,30.0,0.0354330708661,0.0275590551181,0.0236220472441,28.3076923077,574.0,83.7952755906,109.200787402,254
BUR,Bob Hope Airport,Burbank,CA,34.20069885253906,-118.35900115966797,SMF,Sacramento International Airport,Sacramento,CA,38.69540023803711,-121.59100341796875,25.0,0.129597197898,0.092819614711,0.0542907180385,38.6625,358.0,56.4031971581,71.1971580817,571
DEN,Denver International Airport,Denver,CO,39.861698150635,-104.672996521,PSP,Palm Springs International Airport,Palm Springs,CA,33.8297004699707,-116.50700378417969,20.0,0.107317073171,0.0731707317073,0.0585365853659,43.4242424242,776.0,109.230392157,135.191176471,205
DRO,Durango La Plata County Airport,Durango,CO,37.1515007019,-107.753997803,LAX,Los Angeles International Airport,Los Angeles,CA,33.94250107,-118.4079971,78.5,0.5,0.5,0.5,94.75,640.0,87.5,110.125,8
EGE,Eagle County Regional Airport,Vail,CO,39.64260101,-106.9179993,LAX,Los Angeles International Airport,Los Angeles,CA,33.94250107,-118.4079971,84.0,0.125,0.125,0.125,84.0,748.0,106.625,134.25,8
ELP,El Paso International Airport,El Paso,TX,31.80719948,-106.3779984,LAX,Los Angeles International Airport,Los Angeles,CA,33.94250107,-118.4079971,25.0,0.1388101983,0.116147308782,0.0679886685552,37.6119402985,714.0,98.7507163324,123.524355301,353
EUG,Mahlon Sweet Field,Eugene,OR,44.12459945678711,-123.21199798583984,LAX,Los Angeles International Airport,Los Angeles,CA,33.94250107,-118.4079971,13.5,0.0838323353293,0.0538922155689,0.0479041916168,20.4583333333,748.0,103.814371257,137.083832335,167
EUG,Mahlon Sweet Field,Eugene,OR,44.12459945678711,-123.21199798583984,SFO,San Francisco International Airport,San Francisco,CA,37.61899948120117,-122.375,7.0,0.0849315068493,0.0630136986301,0.0520547945205,29.3076923077,451.0,70.1397260274,91.0191780822,365
FAT,Fresno Yosemite International Airport,Fresno,CA,36.77619934082031,-119.71800231933594,LAX,Los Angeles International Airport,Los Angeles,CA,33.94250107,-118.4079971,26.0,0.118055555556,0.0902777777778,0.0740740740741,53.3866666667,209.0,42.1921296296,72.8263888889,432
FAT,Fresno Yosemite International Airport,Fresno,CA,36.77619934082031,-119.71800231933594,PDX,Portland International Airport,Portland,OR,45.58869934,-122.5979996,81.0,0.0760869565217,0.0652173913043,0.054347826087,103.142857143,626.0,88.652173913,107.869565217,92
FAT,Fresno Yosemite International Airport,Fresno,CA,36.77619934082031,-119.71800231933594,PHX,Phoenix Sky Harbor International Airport,Phoenix,AZ,33.43429946899414,-112.01200103759766,201.0,0.043956043956,0.032967032967,0.032967032967,169.25,493.0,80.2527472527,104.428571429,91
FAT,Fresno Yosemite International Airport,Fresno,CA,36.77619934082031,-119.71800231933594,SAN,San Diego International Airport,San Diego,CA,32.7336006165,-117.190002441,21.0,0.0655737704918,0.0382513661202,0.0273224043716,47.4285714286,314.0,52.6593406593,71.543956044,183
FAT,Fresno Yosemite International Airport,Fresno,CA,36.77619934082031,-119.71800231933594,SEA,Seattle Tacoma International Airport,Seattle,WA,47.44900131225586,-122.30899810791016,7.0,0.0267175572519,0.0229007633588,0.0190839694656,22.4444444444,748.0,105.329501916,127.609195402,262
FAT,Fresno Yosemite International Airport,Fresno,CA,36.77619934082031,-119.71800231933594,SFO,San Francisco International Airport,San Francisco,CA,37.61899948120117,-122.375,17.0,0.179271708683,0.156862745098,0.131652661064,38.7606837607,158.0,31.5210084034,56.9411764706,357
FAT,Fresno Yosemite International Airport,Fresno,CA,36.77619934082031,-119.71800231933594,SLC,Salt Lake City International Airport,Salt Lake City,UT,40.78839874267578,-111.97799682617188,65.0,0.0299625468165,0.0262172284644,0.0262172284644,94.7777777778,501.0,73.0411985019,94.9887640449,267
GEG,Spokane International Airport,Spokane,WA,47.61989974975586,-117.53399658203125,OAK,Metropolitan Oakland International Airport,Oakland,CA,37.72129821777344,-122.22100067138672,22.5,0.142076502732,0.0983606557377,0.0437158469945,26.7333333333,723.0,103.263736264,118.873626374,183
JAC,Jackson Hole Airport,Jacksn Hole,WY,43.6072998046875,-110.73799896240234,LAX,Los Angeles International Airport,Los Angeles,CA,33.94250107,-118.4079971,20.0,0.105633802817,0.0774647887324,0.0774647887324,51.375,784.0,111.633802817,146.570422535,142
JAC,Jackson Hole Airport,Jacksn Hole,WY,43.6072998046875,-110.73799896240234,SFO,San Francisco International Airport,San Francisco,CA,37.61899948120117,-122.375,19.5,0.0574712643678,0.0574712643678,0.0574712643678,27.2,737.0,116.609195402,147.310344828,87
LAS,McCarran International Airport,Las Vegas,NV,36.08010101,-115.1520004,BUR,Bob Hope Airport,Burbank,CA,34.20069885253906,-118.35900115966797,31.0,0.166857142857,0.12,0.088,49.0394736842,223.0,44.0705202312,59.101734104,875
LAS,McCarran International Airport,Las Vegas,NV,36.08010101,-115.1520004,LAX,Los Angeles International Airport,Los Angeles,CA,33.94250107,-118.4079971,16.0,0.185044796692,0.135768435562,0.10199862164,36.953271028,236.0,41.7820334262,76.2837743733,2902
LAS,McCarran International Airport,Las Vegas,NV,36.08010101,-115.1520004,LGB,Long Beach /Daugherty Field/ Airport,Long Beach,CA,33.81769943,-118.1520004,39.0,0.251231527094,0.194581280788,0.165024630542,52.8348623853,231.0,42.6608478803,62.6034912718,406
LAS,McCarran International Airport,Las Vegas,NV,36.08010101,-115.1520004,OAK,Metropolitan Oakland International Airport,Oakland,CA,37.72129821777344,-122.22100067138672,28.0,0.163561076605,0.130434782609,0.092132505176,43.855,407.0,63.8879581152,83.8910994764,966
LAS,McCarran International Airport,Las Vegas,NV,36.08010101,-115.1520004,ONT,Ontario International Airport,Ontario,CA,34.055999755859375,-117.60099792480469,29.0,0.241847826087,0.190217391304,0.114130434783,45.6703296703,197.0,33.7002724796,50.2179836512,368
LAS,McCarran International Airport,Las Vegas,NV,36.08010101,-115.1520004,SAN,San Diego International Airport,San Diego,CA,32.7336006165,-117.190002441,25.0,0.170815450644,0.135622317597,0.0909871244635,39.4752851711,258.0,44.1586748038,64.1647776809,1165
LAS,McCarran International Airport,Las Vegas,NV,36.08010101,-115.1520004,SFO,San Francisco International Airport,San Francisco,CA,37.61899948120117,-122.375,16.0,0.141663184288,0.109903886335,0.0819055578771,31.8392857143,414.0,66.4201680672,92.0134453782,2393
LAS,McCarran International Airport,Las Vegas,NV,36.08010101,-115.1520004,SJC,Norman Y. Mineta San Jose International Airport,San Jose,CA,37.36259841918945,-121.92900085449219,32.0,0.176394293126,0.134889753567,0.0985732814527,48.0344827586,386.0,59.8468586387,77.0196335079,771
LAS,McCarran International Airport,Las Vegas,NV,36.08010101,-115.1520004,SMF,Sacramento International Airport,Sacramento,CA,38.69540023803711,-121.59100341796875,35.0,0.207386363636,0.161931818182,0.123579545455,49.1960784314,397.0,64.4140401146,81.8681948424,704
LAS,McCarran International Airport,Las Vegas,NV,36.08010101,-115.1520004,SNA,John Wayne Airport-Orange County Airport,Santa Ana,CA,33.67570114,-117.8679962,26.0,0.133004926108,0.100164203612,0.0591133004926,37.0229885057,226.0,40.0631229236,57.5083056478,609
LAX,Los Angeles International Airport,Los Angeles,CA,33.94250107,-118.4079971,ABQ,Albuquerque International Sunport Airport,Albuquerque,NM,35.040199279785156,-106.60900115966797,42.0,0.234848484848,0.189393939394,0.147727272727,57.2794117647,677.0,88.4924242424,109.484848485,264
LAX,Los Angeles International Airport,Los Angeles,CA,33.94250107,-118.4079971,ASE,Aspen-Pitkin Co/Sardy Field,Aspen,CO,39.22320175,-106.8690033,27.5,0.151685393258,0.134831460674,0.0955056179775,44.6666666667,737.0,98.1581920904,124.610169492,178
LAX,Los Angeles International Airport,Los Angeles,CA,33.94250107,-118.4079971,BOI,Boise Air Terminal/Gowen field,Boise,ID,43.56439972,-116.2229996,29.0,0.262295081967,0.218579234973,0.136612021858,56.3818181818,674.0,96.2568306011,121.601092896,183
LAX,Los Angeles International Airport,Los Angeles,CA,33.94250107,-118.4079971,DRO,Durango La Plata County Airport,Durango,CO,37.1515007019,-107.753997803,107.0,0.375,0.375,0.375,92.75,640.0,87.375,121.375,8
LAX,Los Angeles International Airport,Los Angeles,CA,33.94250107,-118.4079971,EGE,Eagle County Regional Airport,Vail,CO,39.64260101,-106.9179993,39.0,0.5,0.5,0.375,56.25,748.0,104.5,128.5,8
LAX,Los Angeles International Airport,Los Angeles,CA,33.94250107,-118.4079971,ELP,El Paso International Airport,El Paso,TX,31.80719948,-106.3779984,31.0,0.271186440678,0.21186440678,0.149717514124,50.8846153846,714.0,92.5948275862,112.833333333,354
LAX,Los Angeles International Airport,Los Angeles,CA,33.94250107,-118.4079971,EUG,Mahlon Sweet Field,Eugene,OR,44.12459945678711,-123.21199798583984,37.5,0.137724550898,0.11377245509,0.0898203592814,41.6923076923,748.0,100.736526946,126.646706587,167
LAX,Los Angeles International Airport,Los Angeles,CA,33.94250107,-118.4079971,FAT,Fresno Yosemite International Airport,Fresno,CA,36.77619934082031,-119.71800231933594,40.5,0.11619047619,0.0914285714286,0.08,64.5138888889,209.0,37.2309160305,64.3244274809,525
LAX,Los Angeles International Airport,Los Angeles,CA,33.94250107,-118.4079971,JAC,Jackson Hole Airport,Jacksn Hole,WY,43.6072998046875,-110.73799896240234,23.0,0.163120567376,0.127659574468,0.106382978723,71.1142857143,784.0,105.510638298,130.141843972,141
LAX,Los Angeles International Airport,Los Angeles,CA,33.94250107,-118.4079971,LAS,McCarran International Airport,Las Vegas,NV,36.08010101,-115.1520004,25.0,0.209621993127,0.150859106529,0.113058419244,41.139869281,236.0,45.0076362374,70.6414439431,2910
LAX,Los Angeles International Airport,Los Angeles,CA,33.94250107,-118.4079971,MRY,Monterey Peninsula Airport,Monterey,CA,36.58700180053711,-121.84300231933594,34.5,0.0906515580737,0.0821529745042,0.0623229461756,49.0238095238,266.0,47.6676557864,74.4985163205,353
LAX,Los Angeles International Airport,Los Angeles,CA,33.94250107,-118.4079971,MTJ,Montrose Regional Airport,Montrose CO,CO,38.509799957300004,-107.893997192,37.0,0.142857142857,0.142857142857,0.142857142857,37.0,666.0,87.4285714286,108.285714286,7
LAX,Los Angeles International Airport,Los Angeles,CA,33.94250107,-118.4079971,OAK,Metropolitan Oakland International Airport,Oakland,CA,37.72129821777344,-122.22100067138672,31.0,0.226124460875,0.176833025262,0.126925446704,44.8226600985,337.0,52.8473479948,71.4773609314,1623
LAX,Los Angeles International Airport,Los Angeles,CA,33.94250107,-118.4079971,PHX,Phoenix Sky Harbor International Airport,Phoenix,AZ,33.43429946899414,-112.01200103759766,27.0,0.207399687337,0.163105784263,0.122980719125,41.9863013699,370.0,58.2401700319,82.5738575983,1919
LAX,Los Angeles International Airport,Los Angeles,CA,33.94250107,-118.4079971,PSP,Palm Springs International Airport,Palm Springs,CA,33.8297004699707,-116.50700378417969,23.5,0.204301075269,0.129032258065,0.0967741935484,48.2272727273,110.0,28.1413043478,52.6195652174,93
LAX,Los Angeles International Airport,Los Angeles,CA,33.94250107,-118.4079971,RDM,Roberts Field,Redmond-Bend,OR,44.2541008,-121.1500015,20.0,0.20652173913,0.108695652174,0.0869565217391,42.7142857143,726.0,96.6304347826,123.347826087,92
LAX,Los Angeles International Airport,Los Angeles,CA,33.94250107,-118.4079971,RNO,Reno Tahoe International Airport,Reno,NV,39.49909973144531,-119.76799774169922,31.0,0.194214876033,0.148760330579,0.115702479339,46.2285714286,391.0,59.0563674322,81.872651357,484
LAX,Los Angeles International Airport,Los Angeles,CA,33.94250107,-118.4079971,SAN,San Diego International Airport,San Diego,CA,32.7336006165,-117.190002441,29.0,0.151685393258,0.123595505618,0.0921348314607,47.0235294118,109.0,29.0655367232,53.6237288136,890
LAX,Los Angeles International Airport,Los Angeles,CA,33.94250107,-118.4079971,SBA,Santa Barbara Municipal Airport,Santa Barbara,CA,34.42620087,-119.8399963,33.0,0.130311614731,0.0963172804533,0.0849858356941,41.7678571429,89.0,21.0571428571,50.3257142857,353
LAX,Los Angeles International Airport,Los Angeles,CA,33.94250107,-118.4079971,SBP,San Luis County Regional Airport,San Luis Obispo,CA,35.236801147499996,-120.641998291,33.0,0.136212624585,0.0963455149502,0.0863787375415,44.0,156.0,30.7056856187,56.8795986622,301
LAX,Los Angeles International Airport,Los Angeles,CA,33.94250107,-118.4079971,SFO,San Francisco International Airport,San Francisco,CA,37.61899948120117,-122.375,19.0,0.192230854606,0.146503884573,0.108546059933,34.6509775525,337.0,54.0002270148,81.8124858116,4505
LAX,Los Angeles International Airport,Los Angeles,CA,33.94250107,-118.4079971,SJC,Norman Y. Mineta San Jose International Airport,San Jose,CA,37.36259841918945,-121.92900085449219,31.0,0.20524691358,0.15200617284,0.111882716049,45.1267605634,308.0,48.2977038797,66.3942992874,1296
LAX,Los Angeles International Airport,Los Angeles,CA,33.94250107,-118.4079971,SLC,Salt Lake City International Airport,Salt Lake City,UT,40.78839874267578,-111.97799682617188,32.0,0.200778210117,0.160311284047,0.122957198444,59.1575342466,590.0,82.5359937402,105.85915493,1285
LAX,Los Angeles International Airport,Los Angeles,CA,33.94250107,-118.4079971,SMF,Sacramento International Airport,Sacramento,CA,38.69540023803711,-121.59100341796875,34.0,0.264825345248,0.212022745735,0.155158407799,48.5249266862,373.0,60.5584843493,80.9266886326,1231
LAX,Los Angeles International Airport,Los Angeles,CA,33.94250107,-118.4079971,SUN,Friedman Memorial Airport,Hailey,ID,43.50439835,-114.2959976,31.0,0.222222222222,0.166666666667,0.166666666667,24.4,696.0,94.9444444444,121.277777778,18
LAX,Los Angeles International Airport,Los Angeles,CA,33.94250107,-118.4079971,TUS,Tucson International Airport,Tucson,AZ,32.1161003112793,-110.94100189208984,32.5,0.259668508287,0.201657458564,0.151933701657,58.9854368932,451.0,63.7541899441,86.8072625698,724
LGB,Long Beach /Daugherty Field/ Airport,Long Beach,CA,33.81769943,-118.1520004,LAS,McCarran International Airport,Las Vegas,NV,36.08010101,-115.1520004,33.0,0.20297029703,0.163366336634,0.136138613861,52.7184466019,231.0,44.985,66.0475,404
LGB,Long Beach /Daugherty Field/ Airport,Long Beach,CA,33.81769943,-118.1520004,OAK,Metropolitan Oakland International Airport,Oakland,CA,37.72129821777344,-122.22100067138672,41.0,0.0835820895522,0.0671641791045,0.0567164179104,64.3709677419,353.0,55.8358662614,71.9209726444,670
LGB,Long Beach /Daugherty Field/ Airport,Long Beach,CA,33.81769943,-118.1520004,RNO,Reno Tahoe International Airport,Reno,NV,39.49909973144531,-119.76799774169922,33.0,0.106382978723,0.0851063829787,0.0851063829787,50.25,402.0,63.3913043478,78.7173913043,47
LGB,Long Beach /Daugherty Field/ Airport,Long Beach,CA,33.81769943,-118.1520004,SFO,San Francisco International Airport,San Francisco,CA,37.61899948120117,-122.375,11.0,0.135922330097,0.11003236246,0.0970873786408,24.5555555556,354.0,56.5602605863,81.3745928339,309
LGB,Long Beach /Daugherty Field/ Airport,Long Beach,CA,33.81769943,-118.1520004,SLC,Salt Lake City International Airport,Salt Lake City,UT,40.78839874267578,-111.97799682617188,42.0,0.0546139359699,0.0470809792844,0.0357815442561,47.59375,588.0,83.2268431002,101.801512287,531
LGB,Long Beach /Daugherty Field/ Airport,Long Beach,CA,33.81769943,-118.1520004,SMF,Sacramento International Airport,Sacramento,CA,38.69540023803711,-121.59100341796875,24.0,0.122222222222,0.0944444444444,0.0444444444444,28.0740740741,387.0,63.2222222222,79.4555555556,180
MFR,Rogue Valley International Medford Airport,Medford,OR,42.37419891357422,-122.87300109863281,ACV,Arcata Airport,Arcata CA,CA,40.97809982299805,-124.10900115966797,,0.0,0.0,0.0,,116.0,,,1
MFR,Rogue Valley International Medford Airport,Medford,OR,42.37419891357422,-122.87300109863281,SFO,San Francisco International Airport,San Francisco,CA,37.61899948120117,-122.375,1.0,0.0901098901099,0.0747252747253,0.0615384615385,31.4042553191,329.0,59.4263736264,79.8373626374,455
MRY,Monterey Peninsula Airport,Monterey,CA,36.58700180053711,-121.84300231933594,LAX,Los Angeles International Airport,Los Angeles,CA,33.94250107,-118.4079971,17.0,0.0906515580737,0.070821529745,0.0623229461756,43.7735849057,266.0,51.2325581395,81.8575581395,353
MRY,Monterey Peninsula Airport,Monterey,CA,36.58700180053711,-121.84300231933594,PHX,Phoenix Sky Harbor International Airport,Phoenix,AZ,33.43429946899414,-112.01200103759766,69.5,0.0875,0.0875,0.0875,77.625,598.0,88.5128205128,108.423076923,80
MRY,Monterey Peninsula Airport,Monterey,CA,36.58700180053711,-121.84300231933594,SFO,San Francisco International Airport,San Francisco,CA,37.61899948120117,-122.375,57.0,0.173913043478,0.157608695652,0.157608695652,72.1136363636,77.0,19.5555555556,41.8765432099,184
MSO,Missoula International Airport,Missoula,MT,46.91630173,-114.0910034,SFO,San Francisco International Airport,San Francisco,CA,37.61899948120117,-122.375,4.0,0.134615384615,0.134615384615,0.115384615385,32.375,769.0,122.442307692,147.0,52
MTJ,Montrose Regional Airport,Montrose CO,CO,38.509799957300004,-107.893997192,LAX,Los Angeles International Airport,Los Angeles,CA,33.94250107,-118.4079971,,0.0,0.0,0.0,,666.0,96.0,118.428571429,7
OAK,Metropolitan Oakland International Airport,Oakland,CA,37.72129821777344,-122.22100067138672,BOI,Boise Air Terminal/Gowen field,Boise,ID,43.56439972,-116.2229996,33.0,0.144444444444,0.105555555556,0.0833333333333,61.0740740741,512.0,67.9444444444,82.2333333333,180
OAK,Metropolitan Oakland International Airport,Oakland,CA,37.72129821777344,-122.22100067138672,BUR,Bob Hope Airport,Burbank,CA,34.20069885253906,-118.35900115966797,30.5,0.137216189536,0.113524185587,0.0720631786772,43.7739726027,325.0,49.5272177419,62.3185483871,1013
OAK,Metropolitan Oakland International Airport,Oakland,CA,37.72129821777344,-122.22100067138672,GEG,Spokane International Airport,Spokane,WA,47.61989974975586,-117.53399658203125,28.0,0.174863387978,0.125683060109,0.0874316939891,40.5454545455,723.0,93.729281768,108.298342541,183
OAK,Metropolitan Oakland International Airport,Oakland,CA,37.72129821777344,-122.22100067138672,LAS,McCarran International Airport,Las Vegas,NV,36.08010101,-115.1520004,25.0,0.130879345603,0.0950920245399,0.0654396728016,39.3780487805,407.0,64.6536082474,82.3226804124,978
OAK,Metropolitan Oakland International Airport,Oakland,CA,37.72129821777344,-122.22100067138672,LAX,Los Angeles International Airport,Los Angeles,CA,33.94250107,-118.4079971,14.5,0.158251231527,0.110221674877,0.0745073891626,22.9190871369,337.0,56.0853264383,82.9256625727,1624
OAK,Metropolitan Oakland International Airport,Oakland,CA,37.72129821777344,-122.22100067138672,LGB,Long Beach /Daugherty Field/ Airport,Long Beach,CA,33.81769943,-118.1520004,28.0,0.119402985075,0.0835820895522,0.0567164179104,45.1807228916,353.0,61.1139817629,76.4224924012,670
OAK,Metropolitan Oakland International Airport,Oakland,CA,37.72129821777344,-122.22100067138672,ONT,Ontario International Airport,Ontario,CA,34.055999755859375,-117.60099792480469,32.0,0.174055829228,0.137931034483,0.0919540229885,41.7592592593,362.0,56.4866220736,70.8913043478,609
OAK,Metropolitan Oakland International Airport,Oakland,CA,37.72129821777344,-122.22100067138672,PDX,Portland International Airport,Portland,OR,45.58869934,-122.5979996,24.5,0.176470588235,0.129411764706,0.0862745098039,40.862745098,543.0,76.7485148515,91.4356435644,510
OAK,Metropolitan Oakland International Airport,Oakland,CA,37.72129821777344,-122.22100067138672,PHX,Phoenix Sky Harbor International Airport,Phoenix,AZ,33.43429946899414,-112.01200103759766,28.0,0.148876404494,0.109550561798,0.0758426966292,43.4824561404,646.0,91.6671490593,109.335745297,712
OAK,Metropolitan Oakland International Airport,Oakland,CA,37.72129821777344,-122.22100067138672,RNO,Reno Tahoe International Airport,Reno,NV,39.49909973144531,-119.76799774169922,27.0,0.182509505703,0.125475285171,0.0874524714829,39.0,181.0,32.754789272,47.2720306513,263
OAK,Metropolitan Oakland International Airport,Oakland,CA,37.72129821777344,-122.22100067138672,SAN,San Diego International Airport,San Diego,CA,32.7336006165,-117.190002441,31.0,0.156762295082,0.123975409836,0.0819672131148,43.786163522,446.0,68.5041928721,82.6488469602,976
OAK,Metropolitan Oakland International Airport,Oakland,CA,37.72129821777344,-122.22100067138672,SEA,Seattle Tacoma International Airport,Seattle,WA,47.44900131225586,-122.30899810791016,16.0,0.127882599581,0.0922431865828,0.0649895178197,29.0426540284,672.0,95.5637513172,116.614330875,954
OAK,Metropolitan Oakland International Airport,Oakland,CA,37.72129821777344,-122.22100067138672,SLC,Salt Lake City International Airport,Salt Lake City,UT,40.78839874267578,-111.97799682617188,28.5,0.110902255639,0.0770676691729,0.0526315789474,42.3870967742,588.0,79.1531190926,96.2533081285,532
OAK,Metropolitan Oakland International Airport,Oakland,CA,37.72129821777344,-122.22100067138672,SNA,John Wayne Airport-Orange County Airport,Santa Ana,CA,33.67570114,-117.8679962,29.5,0.085798816568,0.0636094674556,0.0443786982249,40.7741935484,371.0,64.6032934132,79.5643712575,676
ONT,Ontario International Airport,Ontario,CA,34.055999755859375,-117.60099792480469,LAS,McCarran International Airport,Las Vegas,NV,36.08010101,-115.1520004,21.0,0.162666666667,0.106666666667,0.064,32.4155844156,197.0,39.9973190349,57.018766756,375
ONT,Ontario International Airport,Ontario,CA,34.055999755859375,-117.60099792480469,OAK,Metropolitan Oakland International Airport,Oakland,CA,37.72129821777344,-122.22100067138672,41.0,0.0970394736842,0.0789473684211,0.0641447368421,56.1935483871,362.0,53.9092436975,68.3495798319,608
ONT,Ontario International Airport,Ontario,CA,34.055999755859375,-117.60099792480469,PHX,Phoenix Sky Harbor International Airport,Phoenix,AZ,33.43429946899414,-112.01200103759766,24.0,0.13085399449,0.0922865013774,0.0495867768595,38.981981982,325.0,51.3899018233,69.5792426367,726
ONT,Ontario International Airport,Ontario,CA,34.055999755859375,-117.60099792480469,SFO,San Francisco International Airport,San Francisco,CA,37.61899948120117,-122.375,18.5,0.159744408946,0.143769968051,0.11661341853,34.2311827957,363.0,60.0818619583,84.4526484751,626
ONT,Ontario International Airport,Ontario,CA,34.055999755859375,-117.60099792480469,SJC,Norman Y. Mineta San Jose International Airport,San Jose,CA,37.36259841918945,-121.92900085449219,34.5,0.112716763006,0.0982658959538,0.0693641618497,55.625,333.0,50.7551622419,63.0147492625,346
ONT,Ontario International Airport,Ontario,CA,34.055999755859375,-117.60099792480469,SLC,Salt Lake City International Airport,Salt Lake City,UT,40.78839874267578,-111.97799682617188,21.0,0.0461538461538,0.0307692307692,0.0230769230769,51.3571428571,558.0,79.7846153846,100.746153846,260
ONT,Ontario International Airport,Ontario,CA,34.055999755859375,-117.60099792480469,SMF,Sacramento International Airport,Sacramento,CA,38.69540023803711,-121.59100341796875,32.0,0.198961937716,0.157439446367,0.107266435986,46.6347826087,390.0,59.8604240283,71.8445229682,578
OTH,Southwest Oregon Regional Airport,North Bend,OR,43.41709899902344,-124.24600219726562,SFO,San Francisco International Airport,San Francisco,CA,37.61899948120117,-122.375,46.0,0.355555555556,0.3,0.255555555556,58.7575757576,412.0,67.4157303371,88.5617977528,90
PDX,Portland International Airport,Portland,OR,45.58869934,-122.5979996,FAT,Fresno Yosemite International Airport,Fresno,CA,36.77619934082031,-119.71800231933594,15.0,0.0434782608696,0.0108695652174,0.0108695652174,35.0,626.0,86.8043478261,108.086956522,92
PDX,Portland International Airport,Portland,OR,45.58869934,-122.5979996,OAK,Metropolitan Oakland International Airport,Oakland,CA,37.72129821777344,-122.22100067138672,27.0,0.141747572816,0.0932038834951,0.0699029126214,45.9871794872,543.0,79.9901960784,97.1274509804,515
PDX,Portland International Airport,Portland,OR,45.58869934,-122.5979996,SBA,Santa Barbara Municipal Airport,Santa Barbara,CA,34.42620087,-119.8399963,39.5,0.0434782608696,0.0434782608696,0.0326086956522,39.5,784.0,105.7,121.922222222,92
PDX,Portland International Airport,Portland,OR,45.58869934,-122.5979996,SFO,San Francisco International Airport,San Francisco,CA,37.61899948120117,-122.375,0.0,0.0805142083897,0.063599458728,0.0493910690122,22.6474576271,550.0,83.3156822811,104.374745418,1478
PDX,Portland International Airport,Portland,OR,45.58869934,-122.5979996,SJC,Norman Y. Mineta San Jose International Airport,San Jose,CA,37.36259841918945,-121.92900085449219,33.0,0.0981912144703,0.0762273901809,0.0542635658915,49.0632911392,569.0,84.6959896507,101.138421734,774
PDX,Portland International Airport,Portland,OR,45.58869934,-122.5979996,SMF,Sacramento International Airport,Sacramento,CA,38.69540023803711,-121.59100341796875,29.0,0.137711864407,0.0974576271186,0.0699152542373,52.6567164179,479.0,66.8635394456,82.5223880597,472
PHX,Phoenix Sky Harbor International Airport,Phoenix,AZ,33.43429946899414,-112.01200103759766,BFL,Meadows Field,Bakersfield,CA,35.43360138,-119.0569992,36.0,0.118155619597,0.100864553314,0.0864553314121,56.1176470588,425.0,66.0668604651,94.5872093023,347
PHX,Phoenix Sky Harbor International Airport,Phoenix,AZ,33.43429946899414,-112.01200103759766,BUR,Bob Hope Airport,Burbank,CA,34.20069885253906,-118.35900115966797,25.0,0.140625,0.099609375,0.060546875,44.9397590361,369.0,65.1928429423,79.7256461233,512
PHX,Phoenix Sky Harbor International Airport,Phoenix,AZ,33.43429946899414,-112.01200103759766,FAT,Fresno Yosemite International Airport,Fresno,CA,36.77619934082031,-119.71800231933594,32.0,0.0989010989011,0.0879120879121,0.0879120879121,39.3076923077,493.0,74.9120879121,99.7032967033,91
PHX,Phoenix Sky Harbor International Airport,Phoenix,AZ,33.43429946899414,-112.01200103759766,LAX,Los Angeles International Airport,Los Angeles,CA,33.94250107,-118.4079971,13.0,0.145169712794,0.107049608355,0.0856396866841,32.8181818182,370.0,57.579252238,88.3343865192,1915
PHX,Phoenix Sky Harbor International Airport,Phoenix,AZ,33.43429946899414,-112.01200103759766,MRY,Monterey Peninsula Airport,Monterey,CA,36.58700180053711,-121.84300231933594,21.0,0.15,0.1,0.0625,48.0769230769,598.0,92.7215189873,115.379746835,80
PHX,Phoenix Sky Harbor International Airport,Phoenix,AZ,33.43429946899414,-112.01200103759766,OAK,Metropolitan Oakland International Airport,Oakland,CA,37.72129821777344,-122.22100067138672,30.0,0.149506346968,0.118476727786,0.0818053596615,48.4830508475,646.0,92.8247126437,111.270114943,709
PHX,Phoenix Sky Harbor International Airport,Phoenix,AZ,33.43429946899414,-112.01200103759766,ONT,Ontario International Airport,Ontario,CA,34.055999755859375,-117.60099792480469,35.0,0.150202976996,0.116373477673,0.0879566982409,58.5630252101,325.0,48.7121212121,66.6418732782,739
PHX,Phoenix Sky Harbor International Airport,Phoenix,AZ,33.43429946899414,-112.01200103759766,PSP,Palm Springs International Airport,Palm Springs,CA,33.8297004699707,-116.50700378417969,32.5,0.0760697305864,0.0665610142631,0.053882725832,50.6212121212,261.0,43.9599358974,69.4358974359,631
PHX,Phoenix Sky Harbor International Airport,Phoenix,AZ,33.43429946899414,-112.01200103759766,SAN,San Diego International Airport,San Diego,CA,32.7336006165,-117.190002441,31.0,0.143988480922,0.111591072714,0.0856731461483,47.1991525424,304.0,48.5887509131,66.3929875822,1389
PHX,Phoenix Sky Harbor International Airport,Phoenix,AZ,33.43429946899414,-112.01200103759766,SBA,Santa Barbara Municipal Airport,Santa Barbara,CA,34.42620087,-119.8399963,44.0,0.111111111111,0.0987654320988,0.0864197530864,51.5,455.0,69.9068322981,94.2919254658,162
PHX,Phoenix Sky Harbor International Airport,Phoenix,AZ,33.43429946899414,-112.01200103759766,SBP,San Luis County Regional Airport,San Luis Obispo,CA,35.236801147499996,-120.641998291,26.5,0.127659574468,0.101063829787,0.0744680851064,41.21875,509.0,76.1223404255,100.489361702,188
PHX,Phoenix Sky Harbor International Airport,Phoenix,AZ,33.43429946899414,-112.01200103759766,SFO,San Francisco International Airport,San Francisco,CA,37.61899948120117,-122.375,17.0,0.159657320872,0.136292834891,0.103582554517,32.3111702128,651.0,95.8263943441,118.673998429,1284
PHX,Phoenix Sky Harbor International Airport,Phoenix,AZ,33.43429946899414,-112.01200103759766,SJC,Norman Y. Mineta San Jose International Airport,San Jose,CA,37.36259841918945,-121.92900085449219,27.0,0.143181818182,0.102272727273,0.0738636363636,47.0,621.0,89.6231213873,107.41849711,880
PHX,Phoenix Sky Harbor International Airport,Phoenix,AZ,33.43429946899414,-112.01200103759766,SMF,Sacramento International Airport,Sacramento,CA,38.69540023803711,-121.59100341796875,26.0,0.164113785558,0.129102844639,0.0864332603939,44.0466321244,647.0,94.1352549889,112.852549889,914
PHX,Phoenix Sky Harbor International Airport,Phoenix,AZ,33.43429946899414,-112.01200103759766,SNA,John Wayne Airport-Orange County Airport,Santa Ana,CA,33.67570114,-117.8679962,29.0,0.138358778626,0.102099236641,0.0763358778626,43.5636363636,338.0,53.3786407767,72.7203883495,1048
PSC,Tri Cities Airport,Pasco,WA,46.26470184326172,-119.11900329589844,SFO,San Francisco International Airport,San Francisco,CA,37.61899948120117,-122.375,48.5,0.347826086957,0.304347826087,0.25,67.375,620.0,95.8913043478,115.608695652,92
PSP,Palm Springs International Airport,Palm Springs,CA,33.8297004699707,-116.50700378417969,DEN,Denver International Airport,Denver,CO,39.861698150635,-104.672996521,27.0,0.182266009852,0.142857142857,0.108374384236,55.3111111111,776.0,107.248756219,132.323383085,203
PSP,Palm Springs International Airport,Palm Springs,CA,33.8297004699707,-116.50700378417969,LAX,Los Angeles International Airport,Los Angeles,CA,33.94250107,-118.4079971,0.0,0.141304347826,0.108695652174,0.0978260869565,50.5833333333,110.0,26.1739130435,71.2717391304,92
PSP,Palm Springs International Airport,Palm Springs,CA,33.8297004699707,-116.50700378417969,PHX,Phoenix Sky Harbor International Airport,Phoenix,AZ,33.43429946899414,-112.01200103759766,45.0,0.0793650793651,0.0761904761905,0.0619047619048,77.6315789474,261.0,45.8953301127,73.231884058,630
PSP,Palm Springs International Airport,Palm Springs,CA,33.8297004699707,-116.50700378417969,SFO,San Francisco International Airport,San Francisco,CA,37.61899948120117,-122.375,4.0,0.120331950207,0.0871369294606,0.0643153526971,30.5289256198,421.0,68.3799582463,89.6931106472,482
PSP,Palm Springs International Airport,Palm Springs,CA,33.8297004699707,-116.50700378417969,SLC,Salt Lake City International Airport,Salt Lake City,UT,40.78839874267578,-111.97799682617188,39.0,0.0386740331492,0.0386740331492,0.0386740331492,112.272727273,541.0,80.0333333333,100.961111111,181
RDD,Redding Municipal Airport,Redding,CA,40.50899887,-122.2929993,SFO,San Francisco International Airport,San Francisco,CA,37.61899948120117,-122.375,2.0,0.1,0.0888888888889,0.062962962963,32.3,199.0,42.1156716418,64.2089552239,270
RDM,Roberts Field,Redmond-Bend,OR,44.2541008,-121.1500015,LAX,Los Angeles International Airport,Los Angeles,CA,33.94250107,-118.4079971,0.0,0.0434782608696,0.0326086956522,0.0326086956522,22.8461538462,726.0,103.175824176,141.197802198,92
RDM,Roberts Field,Redmond-Bend,OR,44.2541008,-121.1500015,SFO,San Francisco International Airport,San Francisco,CA,37.61899948120117,-122.375,29.0,0.170212765957,0.151595744681,0.119680851064,62.4158415842,462.0,76.4906666667,97.384,376
RNO,Reno Tahoe International Airport,Reno,NV,39.49909973144531,-119.76799774169922,LAX,Los Angeles International Airport,Los Angeles,CA,33.94250107,-118.4079971,8.0,0.140816326531,0.0979591836735,0.0775510204082,21.3286713287,391.0,63.5279503106,95.4596273292,490
RNO,Reno Tahoe International Airport,Reno,NV,39.49909973144531,-119.76799774169922,LGB,Long Beach /Daugherty Field/ Airport,Long Beach,CA,33.81769943,-118.1520004,49.5,0.170212765957,0.127659574468,0.127659574468,84.1,402.0,64.847826087,81.2391304348,47
RNO,Reno Tahoe International Airport,Reno,NV,39.49909973144531,-119.76799774169922,OAK,Metropolitan Oakland International Airport,Oakland,CA,37.72129821777344,-122.22100067138672,23.0,0.0836501901141,0.0532319391635,0.041825095057,56.2916666667,181.0,37.3992248062,54.1550387597,263
RNO,Reno Tahoe International Airport,Reno,NV,39.49909973144531,-119.76799774169922,SAN,San Diego International Airport,San Diego,CA,32.7336006165,-117.190002441,27.0,0.0923913043478,0.0760869565217,0.054347826087,34.2380952381,488.0,71.0659340659,85.2527472527,184
RNO,Reno Tahoe International Airport,Reno,NV,39.49909973144531,-119.76799774169922,SFO,San Francisco International Airport,San Francisco,CA,37.61899948120117,-122.375,20.0,0.141439205955,0.109181141439,0.0818858560794,37.9784946237,192.0,47.8787878788,70.0303030303,403
SAN,San Diego International Airport,San Diego,CA,32.7336006165,-117.190002441,ABQ,Albuquerque International Sunport Airport,Albuquerque,NM,35.040199279785156,-106.60900115966797,29.5,0.172413793103,0.120689655172,0.0862068965517,61.0,628.0,80.8313953488,96.8953488372,174
SAN,San Diego International Airport,San Diego,CA,32.7336006165,-117.190002441,BOI,Boise Air Terminal/Gowen field,Boise,ID,43.56439972,-116.2229996,18.0,0.184782608696,0.0978260869565,0.054347826087,32.380952381,749.0,111.369565217,130.891304348,92
SAN,San Diego International Airport,San Diego,CA,32.7336006165,-117.190002441,FAT,Fresno Yosemite International Airport,Fresno,CA,36.77619934082031,-119.71800231933594,90.5,0.0491803278689,0.0437158469945,0.0437158469945,98.8,314.0,48.4426229508,71.1366120219,183
SAN,San Diego International Airport,San Diego,CA,32.7336006165,-117.190002441,LAS,McCarran International Airport,Las Vegas,NV,36.08010101,-115.1520004,20.0,0.143470790378,0.0953608247423,0.0644329896907,32.8318584071,258.0,50.0365535248,70.3812010444,1164
SAN,San Diego International Airport,San Diego,CA,32.7336006165,-117.190002441,LAX,Los Angeles International Airport,Los Angeles,CA,33.94250107,-118.4079971,22.0,0.104560622914,0.0901001112347,0.0689655172414,40.7086092715,109.0,24.850896861,57.100896861,899
SAN,San Diego International Airport,San Diego,CA,32.7336006165,-117.190002441,OAK,Metropolitan Oakland International Airport,Oakland,CA,37.72129821777344,-122.22100067138672,29.0,0.194472876151,0.139201637666,0.0951893551689,44.7611940299,446.0,64.0631578947,82.7242105263,977
SAN,San Diego International Airport,San Diego,CA,32.7336006165,-117.190002441,PHX,Phoenix Sky Harbor International Airport,Phoenix,AZ,33.43429946899414,-112.01200103759766,27.5,0.140213523132,0.105338078292,0.0811387900356,43.8588709677,304.0,50.499272198,73.018922853,1405
SAN,San Diego International Airport,San Diego,CA,32.7336006165,-117.190002441,RNO,Reno Tahoe International Airport,Reno,NV,39.49909973144531,-119.76799774169922,26.0,0.181318681319,0.126373626374,0.0604395604396,37.5714285714,488.0,68.2762430939,84.1657458564,182
SAN,San Diego International Airport,San Diego,CA,32.7336006165,-117.190002441,SFO,San Francisco International Airport,San Francisco,CA,37.61899948120117,-122.375,16.0,0.133074307916,0.109276347742,0.0869354055367,31.9572815534,447.0,65.8427078148,88.4942757591,2059
SAN,San Diego International Airport,San Diego,CA,32.7336006165,-117.190002441,SJC,Norman Y. Mineta San Jose International Airport,San Jose,CA,37.36259841918945,-121.92900085449219,27.0,0.109745390694,0.081650570676,0.0561896400351,45.6319444444,417.0,60.6188780053,78.8014247551,1139
SAN,San Diego International Airport,San Diego,CA,32.7336006165,-117.190002441,SLC,Salt Lake City International Airport,Salt Lake City,UT,40.78839874267578,-111.97799682617188,30.5,0.0637254901961,0.0490196078431,0.0408496732026,45.84,626.0,85.9523026316,109.679276316,612
SAN,San Diego International Airport,San Diego,CA,32.7336006165,-117.190002441,SMF,Sacramento International Airport,Sacramento,CA,38.69540023803711,-121.59100341796875,29.0,0.127551020408,0.103316326531,0.0650510204082,44.3302752294,480.0,70.4798962387,87.0311284047,784
SAN,San Diego International Airport,San Diego,CA,32.7336006165,-117.190002441,TUS,Tucson International Airport,Tucson,AZ,32.1161003112793,-110.94100189208984,23.0,0.198473282443,0.125954198473,0.0725190839695,28.1607142857,368.0,54.3204633205,69.305019305,262
SBA,Santa Barbara Municipal Airport,Santa Barbara,CA,34.42620087,-119.8399963,LAX,Los Angeles International Airport,Los Angeles,CA,33.94250107,-118.4079971,24.5,0.113314447592,0.0934844192635,0.0764872521246,37.1,89.0,26.36,58.08,353
SBA,Santa Barbara Municipal Airport,Santa Barbara,CA,34.42620087,-119.8399963,PDX,Portland International Airport,Portland,OR,45.58869934,-122.5979996,15.0,0.0217391304348,0.0108695652174,0.0108695652174,24.0,784.0,108.413043478,126.0,92
SBA,Santa Barbara Municipal Airport,Santa Barbara,CA,34.42620087,-119.8399963,PHX,Phoenix Sky Harbor International Airport,Phoenix,AZ,33.43429946899414,-112.01200103759766,44.5,0.0925925925926,0.0740740740741,0.0679012345679,88.0,455.0,73.1202531646,98.6708860759,162
SBA,Santa Barbara Municipal Airport,Santa Barbara,CA,34.42620087,-119.8399963,SFO,San Francisco International Airport,San Francisco,CA,37.61899948120117,-122.375,17.0,0.143564356436,0.128712871287,0.112211221122,54.1717791411,262.0,45.6511627907,67.915282392,606
SBP,San Luis County Regional Airport,San Luis Obispo,CA,35.236801147499996,-120.641998291,LAX,Los Angeles International Airport,Los Angeles,CA,33.94250107,-118.4079971,17.0,0.0764119601329,0.0598006644518,0.0365448504983,34.1538461538,156.0,36.5766666667,66.8766666667,301
SBP,San Luis County Regional Airport,San Luis Obispo,CA,35.236801147499996,-120.641998291,PHX,Phoenix Sky Harbor International Airport,Phoenix,AZ,33.43429946899414,-112.01200103759766,42.0,0.0691489361702,0.0531914893617,0.0531914893617,84.3125,509.0,75.8085106383,97.4893617021,188
SBP,San Luis County Regional Airport,San Luis Obispo,CA,35.236801147499996,-120.641998291,SFO,San Francisco International Airport,San Francisco,CA,37.61899948120117,-122.375,43.5,0.126811594203,0.11231884058,0.105072463768,58.1304347826,190.0,35.7672727273,57.4654545455,276
SEA,Seattle Tacoma International Airport,Seattle,WA,47.44900131225586,-122.30899810791016,FAT,Fresno Yosemite International Airport,Fresno,CA,36.77619934082031,-119.71800231933594,33.0,0.0725190839695,0.0534351145038,0.0419847328244,48.380952381,748.0,99.5152671756,121.973282443,262
SEA,Seattle Tacoma International Airport,Seattle,WA,47.44900131225586,-122.30899810791016,OAK,Metropolitan Oakland International Airport,Oakland,CA,37.72129821777344,-122.22100067138672,31.0,0.144362486828,0.103266596417,0.0790305584826,45.1610738255,672.0,97.4006376196,120.567481403,949
SEA,Seattle Tacoma International Airport,Seattle,WA,47.44900131225586,-122.30899810791016,SFO,San Francisco International Airport,San Francisco,CA,37.61899948120117,-122.375,0.0,0.0820825515947,0.0642589118199,0.0454971857411,23.4394299287,679.0,99.9435825106,125.565585331,2132
SEA,Seattle Tacoma International Airport,Seattle,WA,47.44900131225586,-122.30899810791016,SJC,Norman Y. Mineta San Jose International Airport,San Jose,CA,37.36259841918945,-121.92900085449219,29.0,0.106402164112,0.0775473399459,0.0577096483318,41.437037037,696.0,101.483754513,123.549638989,1109
SEA,Seattle Tacoma International Airport,Seattle,WA,47.44900131225586,-122.30899810791016,SMF,Sacramento International Airport,Sacramento,CA,38.69540023803711,-121.59100341796875,33.0,0.103317535545,0.0815165876777,0.0616113744076,48.1746031746,605.0,81.7338403042,104.653992395,1055
SFO,San Francisco International Airport,San Francisco,CA,37.61899948120117,-122.375,ACV,Arcata Airport,Arcata CA,CA,40.97809982299805,-124.10900115966797,28.0,0.160762942779,0.141689373297,0.106267029973,41.0361445783,250.0,42.9655172414,71.0545977011,367
SFO,San Francisco International Airport,San Francisco,CA,37.61899948120117,-122.375,BFL,Meadows Field,Bakersfield,CA,35.43360138,-119.0569992,58.0,0.258823529412,0.217647058824,0.194117647059,66.7555555556,238.0,43.1529411765,68.0411764706,170
SFO,San Francisco International Airport,San Francisco,CA,37.61899948120117,-122.375,BOI,Boise Air Terminal/Gowen field,Boise,ID,43.56439972,-116.2229996,44.0,0.160326086957,0.133152173913,0.103260869565,57.2222222222,522.0,72.4184782609,99.2038043478,368
SFO,San Francisco International Airport,San Francisco,CA,37.61899948120117,-122.375,BUR,Bob Hope Airport,Burbank,CA,34.20069885253906,-118.35900115966797,48.0,0.194968553459,0.169811320755,0.140880503145,62.2160493827,326.0,51.081321474,72.5997458704,795
SFO,San Francisco International Airport,San Francisco,CA,37.61899948120117,-122.375,EUG,Mahlon Sweet Field,Eugene,OR,44.12459945678711,-123.21199798583984,46.0,0.120547945205,0.101369863014,0.0904109589041,56.2391304348,451.0,63.5561643836,87.9232876712,365
SFO,San Francisco International Airport,San Francisco,CA,37.61899948120117,-122.375,FAT,Fresno Yosemite International Airport,Fresno,CA,36.77619934082031,-119.71800231933594,50.0,0.251824817518,0.222627737226,0.186131386861,59.3421052632,158.0,33.2408759124,59.3065693431,274
SFO,San Francisco International Airport,San Francisco,CA,37.61899948120117,-122.375,JAC,Jackson Hole Airport,Jacksn Hole,WY,43.6072998046875,-110.73799896240234,48.5,0.206896551724,0.195402298851,0.149425287356,56.7,737.0,94.3333333333,119.954022989,87
SFO,San Francisco International Airport,San Francisco,CA,37.61899948120117,-122.375,LAS,McCarran International Airport,Las Vegas,NV,36.08010101,-115.1520004,31.0,0.152456950861,0.12515749685,0.092398152037,41.7529411765,414.0,64.6077768385,88.0473372781,2381
SFO,San Francisco International Airport,San Francisco,CA,37.61899948120117,-122.375,LAX,Los Angeles International Airport,Los Angeles,CA,33.94250107,-118.4079971,18.0,0.163251961639,0.130775937228,0.103530950305,33.2501930502,337.0,55.7044137316,93.312082033,4588
SFO,San Francisco International Airport,San Francisco,CA,37.61899948120117,-122.375,LGB,Long Beach /Daugherty Field/ Airport,Long Beach,CA,33.81769943,-118.1520004,51.0,0.185064935065,0.152597402597,0.12012987013,56.6140350877,354.0,60.862295082,79.2032786885,308
SFO,San Francisco International Airport,San Francisco,CA,37.61899948120117,-122.375,MFR,Rogue Valley International Medford Airport,Medford,OR,42.37419891357422,-122.87300109863281,41.0,0.153846153846,0.136263736264,0.105494505495,50.5194805195,329.0,51.3802197802,78.3472527473,455
SFO,San Francisco International Airport,San Francisco,CA,37.61899948120117,-122.375,MRY,Monterey Peninsula Airport,Monterey,CA,36.58700180053711,-121.84300231933594,66.0,0.233695652174,0.211956521739,0.184782608696,75.3111111111,77.0,22.3043478261,46.2111801242,184
SFO,San Francisco International Airport,San Francisco,CA,37.61899948120117,-122.375,MSO,Missoula International Airport,Missoula,MT,46.91630173,-114.0910034,53.0,0.0961538461538,0.0769230769231,0.0769230769231,54.1428571429,769.0,101.215686275,128.745098039,52
SFO,San Francisco International Airport,San Francisco,CA,37.61899948120117,-122.375,ONT,Ontario International Airport,Ontario,CA,34.055999755859375,-117.60099792480469,42.0,0.190095846645,0.151757188498,0.132587859425,53.2519685039,363.0,60.0753205128,84.7051282051,626
SFO,San Francisco International Airport,San Francisco,CA,37.61899948120117,-122.375,OTH,Southwest Oregon Regional Airport,North Bend,OR,43.41709899902344,-124.24600219726562,53.0,0.288888888889,0.277777777778,0.222222222222,63.0689655172,412.0,66.1494252874,95.7931034483,90
SFO,San Francisco International Airport,San Francisco,CA,37.61899948120117,-122.375,PDX,Portland International Airport,Portland,OR,45.58869934,-122.5979996,35.0,0.126436781609,0.100743745774,0.0838404327248,49.4931506849,550.0,76.5559322034,98.5708474576,1479
SFO,San Francisco International Airport,San Francisco,CA,37.61899948120117,-122.375,PHX,Phoenix Sky Harbor International Airport,Phoenix,AZ,33.43429946899414,-112.01200103759766,36.0,0.164956590371,0.133385951066,0.103393843725,56.9292035398,651.0,91.4715772618,114.006405124,1267
SFO,San Francisco International Airport,San Francisco,CA,37.61899948120117,-122.375,PSC,Tri Cities Airport,Pasco,WA,46.26470184326172,-119.11900329589844,47.0,0.402173913043,0.347826086957,0.304347826087,59.1282051282,620.0,85.902173913,117.260869565,92
SFO,San Francisco International Airport,San Francisco,CA,37.61899948120117,-122.375,PSP,Palm Springs International Airport,Palm Springs,CA,33.8297004699707,-116.50700378417969,34.5,0.204166666667,0.16875,0.129166666667,50.75,421.0,63.5866388309,88.4154488518,480
SFO,San Francisco International Airport,San Francisco,CA,37.61899948120117,-122.375,RDD,Redding Municipal Airport,Redding,CA,40.50899887,-122.2929993,47.5,0.162962962963,0.137037037037,0.103703703704,55.3409090909,199.0,34.6604477612,62.0634328358,270
SFO,San Francisco International Airport,San Francisco,CA,37.61899948120117,-122.375,RDM,Roberts Field,Redmond-Bend,OR,44.2541008,-121.1500015,40.0,0.205333333333,0.184,0.141333333333,59.7160493827,462.0,66.6951871658,95.2513368984,375
SFO,San Francisco International Airport,San Francisco,CA,37.61899948120117,-122.375,RNO,Reno Tahoe International Airport,Reno,NV,39.49909973144531,-119.76799774169922,36.0,0.186104218362,0.161290322581,0.12158808933,48.5256410256,192.0,34.314861461,61.959697733,403
SFO,San Francisco International Airport,San Francisco,CA,37.61899948120117,-122.375,SAN,San Diego International Airport,San Diego,CA,32.7336006165,-117.190002441,36.0,0.170233463035,0.139591439689,0.106517509728,52.9045092838,447.0,68.6130153999,87.8499751615,2056
SFO,San Francisco International Airport,San Francisco,CA,37.61899948120117,-122.375,SBA,Santa Barbara Municipal Airport,Santa Barbara,CA,34.42620087,-119.8399963,43.0,0.153465346535,0.13696369637,0.113861386139,50.0458715596,262.0,47.0701168614,72.5893155259,606
SFO,San Francisco International Airport,San Francisco,CA,37.61899948120117,-122.375,SBP,San Luis County Regional Airport,San Luis Obispo,CA,35.236801147499996,-120.641998291,49.5,0.149090909091,0.130909090909,0.105454545455,56.3541666667,190.0,38.4343065693,63.1386861314,275
SFO,San Francisco International Airport,San Francisco,CA,37.61899948120117,-122.375,SEA,Seattle Tacoma International Airport,Seattle,WA,47.44900131225586,-122.30899810791016,24.0,0.151585820896,0.121735074627,0.097947761194,40.5836820084,679.0,94.8825456247,122.035095929,2144
SFO,San Francisco International Airport,San Francisco,CA,37.61899948120117,-122.375,SLC,Salt Lake City International Airport,Salt Lake City,UT,40.78839874267578,-111.97799682617188,39.5,0.172450052576,0.146161934805,0.110410094637,60.0284090909,599.0,80.3449367089,106.536919831,951
SFO,San Francisco International Airport,San Francisco,CA,37.61899948120117,-122.375,SMF,Sacramento International Airport,Sacramento,CA,38.69540023803711,-121.59100341796875,48.0,0.187969924812,0.172932330827,0.137844611529,53.0649350649,86.0,21.2588832487,47.8248730964,399
SFO,San Francisco International Airport,San Francisco,CA,37.61899948120117,-122.375,SMX,Santa Maria Pub/Capt G Allan Hancock Field,Santa Maria,CA,34.89889908,-120.4570007,38.5,0.298913043478,0.266304347826,0.190217391304,60.224137931,216.0,41.3370165746,66.7513812155,184
SFO,San Francisco International Airport,San Francisco,CA,37.61899948120117,-122.375,SNA,John Wayne Airport-Orange County Airport,Santa Ana,CA,33.67570114,-117.8679962,34.5,0.141176470588,0.113445378151,0.0848739495798,54.2173913043,372.0,65.0977701544,87.7401372213,1190
SFO,San Francisco International Airport,San Francisco,CA,37.61899948120117,-122.375,SUN,Friedman Memorial Airport,Hailey,ID,43.50439835,-114.2959976,33.0,0.208333333333,0.138888888889,0.125,34.7647058824,587.0,78.0555555556,106.569444444,72
SFO,San Francisco International Airport,San Francisco,CA,37.61899948120117,-122.375,TUS,Tucson International Airport,Tucson,AZ,32.1161003112793,-110.94100189208984,42.0,0.238636363636,0.204545454545,0.170454545455,57.6046511628,751.0,102.2,129.097142857,176
SJC,Norman Y. Mineta San Jose International Airport,San Jose,CA,37.36259841918945,-121.92900085449219,BUR,Bob Hope Airport,Burbank,CA,34.20069885253906,-118.35900115966797,37.0,0.144329896907,0.113402061856,0.0790378006873,52.0941176471,296.0,45.5801393728,57.6236933798,582
SJC,Norman Y. Mineta San Jose International Airport,San Jose,CA,37.36259841918945,-121.92900085449219,LAS,McCarran International Airport,Las Vegas,NV,36.08010101,-115.1520004,29.0,0.167098445596,0.124352331606,0.0867875647668,42.0666666667,386.0,60.7340286832,77.1825293351,772
SJC,Norman Y. Mineta San Jose International Airport,San Jose,CA,37.36259841918945,-121.92900085449219,LAX,Los Angeles International Airport,Los Angeles,CA,33.94250107,-118.4079971,12.0,0.170245398773,0.111196319018,0.0743865030675,23.2731591449,308.0,52.1237194641,80.4310480693,1304
SJC,Norman Y. Mineta San Jose International Airport,San Jose,CA,37.36259841918945,-121.92900085449219,MRY,Monterey Peninsula Airport,Monterey,CA,36.58700180053711,-121.84300231933594,,0.0,0.0,0.0,,54.0,,,1
SJC,Norman Y. Mineta San Jose International Airport,San Jose,CA,37.36259841918945,-121.92900085449219,ONT,Ontario International Airport,Ontario,CA,34.055999755859375,-117.60099792480469,41.0,0.164265129683,0.135446685879,0.106628242075,60.0172413793,333.0,52.3705882353,65.8352941176,347
SJC,Norman Y. Mineta San Jose International Airport,San Jose,CA,37.36259841918945,-121.92900085449219,PDX,Portland International Airport,Portland,OR,45.58869934,-122.5979996,33.0,0.0946291560102,0.074168797954,0.0562659846547,52.1298701299,569.0,83.5545571245,99.1258023107,782
SJC,Norman Y. Mineta San Jose International Airport,San Jose,CA,37.36259841918945,-121.92900085449219,PHX,Phoenix Sky Harbor International Airport,Phoenix,AZ,33.43429946899414,-112.01200103759766,33.0,0.115165336374,0.0923603192702,0.0672748004561,62.625,621.0,87.3543123543,106.066433566,877
SJC,Norman Y. Mineta San Jose International Airport,San Jose,CA,37.36259841918945,-121.92900085449219,SAN,San Diego International Airport,San Diego,CA,32.7336006165,-117.190002441,31.0,0.12676056338,0.102992957746,0.0704225352113,48.6855345912,417.0,63.2234137623,77.8945487042,1136
SJC,Norman Y. Mineta San Jose International Airport,San Jose,CA,37.36259841918945,-121.92900085449219,SEA,Seattle Tacoma International Airport,Seattle,WA,47.44900131225586,-122.30899810791016,17.0,0.0837083708371,0.0576057605761,0.040504050405,35.7880794702,696.0,101.060414788,122.178539225,1111
SJC,Norman Y. Mineta San Jose International Airport,San Jose,CA,37.36259841918945,-121.92900085449219,SLC,Salt Lake City International Airport,Salt Lake City,UT,40.78839874267578,-111.97799682617188,43.0,0.0696055684455,0.0649651972158,0.0487238979118,73.7575757576,584.0,83.4953271028,104.200934579,431
SJC,Norman Y. Mineta San Jose International Airport,San Jose,CA,37.36259841918945,-121.92900085449219,SNA,John Wayne Airport-Orange County Airport,Santa Ana,CA,33.67570114,-117.8679962,30.0,0.105211406096,0.0796460176991,0.0560471976401,45.5,342.0,59.0170340681,74.6813627255,1017
SLC,Salt Lake City International Airport,Salt Lake City,UT,40.78839874267578,-111.97799682617188,BUR,Bob Hope Airport,Burbank,CA,34.20069885253906,-118.35900115966797,37.0,0.0551181102362,0.0472440944882,0.0433070866142,37.1176470588,574.0,92.4173228346,115.960629921,254
SLC,Salt Lake City International Airport,Salt Lake City,UT,40.78839874267578,-111.97799682617188,FAT,Fresno Yosemite International Airport,Fresno,CA,36.77619934082031,-119.71800231933594,25.5,0.0411985018727,0.0411985018727,0.0262172284644,50.6875,501.0,78.0411985019,103.756554307,267
SLC,Salt Lake City International Airport,Salt Lake City,UT,40.78839874267578,-111.97799682617188,LAX,Los Angeles International Airport,Los Angeles,CA,33.94250107,-118.4079971,14.0,0.100938967136,0.0704225352113,0.0539906103286,35.9473684211,590.0,87.0204724409,117.668503937,1278
SLC,Salt Lake City International Airport,Salt Lake City,UT,40.78839874267578,-111.97799682617188,LGB,Long Beach /Daugherty Field/ Airport,Long Beach,CA,33.81769943,-118.1520004,30.5,0.0847457627119,0.060263653484,0.045197740113,42.375,588.0,88.0587121212,109.267045455,531
SLC,Salt Lake City International Airport,Salt Lake City,UT,40.78839874267578,-111.97799682617188,OAK,Metropolitan Oakland International Airport,Oakland,CA,37.72129821777344,-122.22100067138672,35.0,0.157894736842,0.12969924812,0.0921052631579,47.3333333333,588.0,87.6742424242,108.585227273,532
SLC,Salt Lake City International Airport,Salt Lake City,UT,40.78839874267578,-111.97799682617188,ONT,Ontario International Airport,Ontario,CA,34.055999755859375,-117.60099792480469,23.0,0.0615384615385,0.0423076923077,0.0269230769231,44.6842105263,558.0,80.1,102.503846154,260
SLC,Salt Lake City International Airport,Salt Lake City,UT,40.78839874267578,-111.97799682617188,PSP,Palm Springs International Airport,Palm Springs,CA,33.8297004699707,-116.50700378417969,35.0,0.0386740331492,0.0276243093923,0.0220994475138,36.5714285714,541.0,78.0777777778,98.3777777778,181
SLC,Salt Lake City International Airport,Salt Lake City,UT,40.78839874267578,-111.97799682617188,SAN,San Diego International Airport,San Diego,CA,32.7336006165,-117.190002441,29.0,0.0833333333333,0.0653594771242,0.0441176470588,49.7678571429,626.0,88.4621710526,108.023026316,612
SLC,Salt Lake City International Airport,Salt Lake City,UT,40.78839874267578,-111.97799682617188,SFO,San Francisco International Airport,San Francisco,CA,37.61899948120117,-122.375,0.0,0.0934256055363,0.078431372549,0.0622837370242,31.3257918552,599.0,96.5953757225,123.554913295,867
SLC,Salt Lake City International Airport,Salt Lake City,UT,40.78839874267578,-111.97799682617188,SJC,Norman Y. Mineta San Jose International Airport,San Jose,CA,37.36259841918945,-121.92900085449219,31.5,0.092807424594,0.0696055684455,0.0556844547564,45.7708333333,584.0,88.7172897196,109.640186916,431
SLC,Salt Lake City International Airport,Salt Lake City,UT,40.78839874267578,-111.97799682617188,SMF,Sacramento International Airport,Sacramento,CA,38.69540023803711,-121.59100341796875,37.0,0.0801104972376,0.0524861878453,0.0469613259669,46.4193548387,532.0,77.7472222222,100.644444444,362
SLC,Salt Lake City International Airport,Salt Lake City,UT,40.78839874267578,-111.97799682617188,SNA,John Wayne Airport-Orange County Airport,Santa Ana,CA,33.67570114,-117.8679962,30.0,0.0753424657534,0.0639269406393,0.0479452054795,45.511627907,588.0,85.4118993135,110.162471396,438
SMF,Sacramento International Airport,Sacramento,CA,38.69540023803711,-121.59100341796875,BOI,Boise Air Terminal/Gowen field,Boise,ID,43.56439972,-116.2229996,28.5,0.291139240506,0.227848101266,0.139240506329,44.0,437.0,61.2278481013,72.9746835443,79
SMF,Sacramento International Airport,Sacramento,CA,38.69540023803711,-121.59100341796875,BUR,Bob Hope Airport,Burbank,CA,34.20069885253906,-118.35900115966797,35.0,0.151832460733,0.125654450262,0.0855148342059,47.4318181818,358.0,53.7982142857,65.7482142857,573
SMF,Sacramento International Airport,Sacramento,CA,38.69540023803711,-121.59100341796875,LAS,McCarran International Airport,Las Vegas,NV,36.08010101,-115.1520004,24.0,0.100143061516,0.0743919885551,0.0486409155937,35.8045977011,397.0,59.6055312955,76.5312954876,699
SMF,Sacramento International Airport,Sacramento,CA,38.69540023803711,-121.59100341796875,LAX,Los Angeles International Airport,Los Angeles,CA,33.94250107,-118.4079971,13.0,0.152156224573,0.103336045566,0.0740439381611,24.1907514451,373.0,61.5822368421,91.4695723684,1229
SMF,Sacramento International Airport,Sacramento,CA,38.69540023803711,-121.59100341796875,LGB,Long Beach /Daugherty Field/ Airport,Long Beach,CA,33.81769943,-118.1520004,27.0,0.144444444444,0.0888888888889,0.0666666666667,64.6923076923,387.0,62.3854748603,77.4022346369,180
SMF,Sacramento International Airport,Sacramento,CA,38.69540023803711,-121.59100341796875,ONT,Ontario International Airport,Ontario,CA,34.055999755859375,-117.60099792480469,32.0,0.219343696028,0.164075993092,0.117443868739,50.7209302326,390.0,58.202443281,71.780104712,579
SMF,Sacramento International Airport,Sacramento,CA,38.69540023803711,-121.59100341796875,PDX,Portland International Airport,Portland,OR,45.58869934,-122.5979996,34.5,0.200421940928,0.15611814346,0.10970464135,47.5104166667,479.0,69.067940552,81.6560509554,474
SMF,Sacramento International Airport,Sacramento,CA,38.69540023803711,-121.59100341796875,PHX,Phoenix Sky Harbor International Airport,Phoenix,AZ,33.43429946899414,-112.01200103759766,28.0,0.126373626374,0.0857142857143,0.0626373626374,53.0,647.0,88.7066069429,106.187010078,910
SMF,Sacramento International Airport,Sacramento,CA,38.69540023803711,-121.59100341796875,SAN,San Diego International Airport,San Diego,CA,32.7336006165,-117.190002441,28.0,0.150127226463,0.111959287532,0.0699745547074,43.4296875,480.0,69.287012987,82.6857142857,786
SMF,Sacramento International Airport,Sacramento,CA,38.69540023803711,-121.59100341796875,SEA,Seattle Tacoma International Airport,Seattle,WA,47.44900131225586,-122.30899810791016,18.0,0.128180039139,0.0949119373777,0.0704500978474,32.9702970297,605.0,88.2485265226,109.511787819,1022
SMF,Sacramento International Airport,Sacramento,CA,38.69540023803711,-121.59100341796875,SFO,San Francisco International Airport,San Francisco,CA,37.61899948120117,-122.375,0.0,0.152882205514,0.137844611529,0.112781954887,29.5615384615,86.0,30.0126903553,57.2233502538,399
SMF,Sacramento International Airport,Sacramento,CA,38.69540023803711,-121.59100341796875,SLC,Salt Lake City International Airport,Salt Lake City,UT,40.78839874267578,-111.97799682617188,31.0,0.08,0.065,0.0475,42.3823529412,532.0,72.3727959698,92.5894206549,400
SMF,Sacramento International Airport,Sacramento,CA,38.69540023803711,-121.59100341796875,SNA,John Wayne Airport-Orange County Airport,Santa Ana,CA,33.67570114,-117.8679962,27.0,0.172354948805,0.119453924915,0.0733788395904,40.180952381,404.0,66.6236933798,80.4651567944,586
SMX,Santa Maria Pub/Capt G Allan Hancock Field,Santa Maria,CA,34.89889908,-120.4570007,SFO,San Francisco International Airport,San Francisco,CA,37.61899948120117,-122.375,36.0,0.222826086957,0.184782608696,0.152173913043,72.7391304348,216.0,38.773480663,63.0055248619,184
SNA,John Wayne Airport-Orange County Airport,Santa Ana,CA,33.67570114,-117.8679962,LAS,McCarran International Airport,Las Vegas,NV,36.08010101,-115.1520004,17.5,0.153212520593,0.0955518945634,0.0593080724876,30.1666666667,226.0,44.9261744966,62.8036912752,607
SNA,John Wayne Airport-Orange County Airport,Santa Ana,CA,33.67570114,-117.8679962,OAK,Metropolitan Oakland International Airport,Oakland,CA,37.72129821777344,-122.22100067138672,29.0,0.157121879589,0.123348017621,0.071953010279,42.3716814159,371.0,60.2288261516,76.780089153,681
SNA,John Wayne Airport-Orange County Airport,Santa Ana,CA,33.67570114,-117.8679962,PHX,Phoenix Sky Harbor International Airport,Phoenix,AZ,33.43429946899414,-112.01200103759766,26.0,0.121813031161,0.0915958451369,0.0632672332389,40.821656051,338.0,53.2343297975,72.9787849566,1059
SNA,John Wayne Airport-Orange County Airport,Santa Ana,CA,33.67570114,-117.8679962,SFO,San Francisco International Airport,San Francisco,CA,37.61899948120117,-122.375,0.0,0.105704697987,0.0830536912752,0.0595637583893,22.9174917492,372.0,62.4293103448,83.824137931,1192
SNA,John Wayne Airport-Orange County Airport,Santa Ana,CA,33.67570114,-117.8679962,SJC,Norman Y. Mineta San Jose International Airport,San Jose,CA,37.36259841918945,-121.92900085449219,27.0,0.099609375,0.07421875,0.0517578125,44.5950413223,342.0,56.3820895522,72.0248756219,1024
SNA,John Wayne Airport-Orange County Airport,Santa Ana,CA,33.67570114,-117.8679962,SLC,Salt Lake City International Airport,Salt Lake City,UT,40.78839874267578,-111.97799682617188,41.0,0.0844748858447,0.0662100456621,0.0547945205479,99.75,588.0,84.2311212815,104.372997712,438
SNA,John Wayne Airport-Orange County Airport,Santa Ana,CA,33.67570114,-117.8679962,SMF,Sacramento International Airport,Sacramento,CA,38.69540023803711,-121.59100341796875,31.0,0.14406779661,0.106779661017,0.0762711864407,43.2727272727,404.0,66.9862068966,80.8913793103,590
SUN,Friedman Memorial Airport,Hailey,ID,43.50439835,-114.2959976,LAX,Los Angeles International Airport,Los Angeles,CA,33.94250107,-118.4079971,2.0,0.166666666667,0.111111111111,0.0,9.75,696.0,106.666666667,138.777777778,18
SUN,Friedman Memorial Airport,Hailey,ID,43.50439835,-114.2959976,SFO,San Francisco International Airport,San Francisco,CA,37.61899948120117,-122.375,0.0,0.0821917808219,0.0684931506849,0.0684931506849,17.1612903226,587.0,96.0410958904,123.04109589,73
TUS,Tucson International Airport,Tucson,AZ,32.1161003112793,-110.94100189208984,LAX,Los Angeles International Airport,Los Angeles,CA,33.94250107,-118.4079971,19.0,0.0936639118457,0.0757575757576,0.0606060606061,40.2203389831,451.0,69.1140472879,97.0556328234,726
TUS,Tucson International Airport,Tucson,AZ,32.1161003112793,-110.94100189208984,SAN,San Diego International Airport,San Diego,CA,32.7336006165,-117.190002441,28.0,0.176245210728,0.11877394636,0.0804597701149,38.2244897959,368.0,55.9186046512,69.0503875969,261
TUS,Tucson International Airport,Tucson,AZ,32.1161003112793,-110.94100189208984,SFO,San Francisco International Airport,San Francisco,CA,37.61899948120117,-122.375,0.0,0.16384180791,0.135593220339,0.0960451977401,26.4925373134,751.0,109.954545455,133.443181818,177
